Smiles,docking score
CC(=O)N(O)c1ccc(C)cc1,-1.149
ClSC(Cl)(Cl)Cl,-2.101
NC(=O)/C(=C/c1ccc([NH+]([O-])O)o1)c1ccccc1,-4.374
O=[N+]([O-])c1ccc(CBr)cc1,-2.949
CCOP(=S)(OCC)SCCl,-3.029
CON(C)C(=O)Nc1ccc(Br)cc1,-3.383
N[C@@H](CCC(=O)NNc1ccc(CO)cc1)C(=O)O,-3.723
COc1ccc2c(c1)-c1nccc3cc(OC)c(OC)c(c13)C2=O,-2.846
CC(=O)OC(OC(C)=O)c1ccc([NH+]([O-])O)o1,-3.083
O=C(O)CCC(=O)Nc1ccc(Cl)c(Cl)c1Cl,-4.094
Cc1cnccn1,-4.073
O=c1c(O)c(O)c1=O,-1.502
c1ccc(C2OC2c2ccccc2)cc1,-3.223
Cc1cc(O)c2c(=O)c3c(O)cc(O)c4c5c(O)cc(O)c6c(=O)c7c(O)cc(C)c8c1c2c(c34)c(c78)c65,-5.33
Cc1ccc(C(=O)O)cc1[N+](=O)[O-],-2.258
Cc1cc2ccccc2c2ccc3c(c12)C1OC1C(O)C3O,-4.671
Cc1c2ccccc2c(C)c2c3c(ccc12)C(=O)C(=O)C=C3,-2.929
CCCCCCC(=O)O,-1.942
O=C(O)CCCCCCCBr,-2.573
O=NN1CCSC1CO,-3.345
c1ccc2cc3c4ccccc4c4ccccc4c3cc2c1,-2.664
O=C1C=C2C(=CCO[C@H]2O)O1,-5.264
O=NN1CCS[C@@H]1[C@H](O)[C@H](O)[C@H](O)[C@H](O)CO,-6.382
CCN(CC)CC#CCOC(=O)C(O)(c1ccccc1)C1CCCCC1,-5.407
O=c1c2[nH]c3ccccc3c2nnn1N=Cc1ccc(O)cc1,-4.354
CNC(CC(=O)O)C(=O)N(C(C(N)=O)c1ccc(O)cc1)C1C(=O)N2C1SC(C)(C)C2C(=O)O,-5.308
Cc1ccncc1,-3.994
Clc1ccc(CO[C@H](Cn2ccnc2)c2ccc(Cl)cc2Cl)cc1,-5.827
ClCc1c2ccccc2cc2c1ccc1ccccc12,-3.295
COc1ccc(C=O)cc1,-4.182
O=C(NCc1ccccc1)C1CO1,-3.703
Fc1c(F)c(Cl)c(F)c(Cl)c1F,-3.134
CC(C)NCC(O)COc1cccc2c1OCC(O)C2,-6.609
CC12CCC(=O)C=C1C1CC1C1C2CCC2(C)C1C1CC1C21CCC(=O)O1,-3.314
COc1ccc2c(c1)C1CCCCC1C1OC21,-3.339
ClCC1C(CCl)C2(Cl)C(Cl)=C(Cl)C1(Cl)C2(Cl)Cl,-2.862
COC1=CC(=O)c2c(nc(C)c3c2[nH]c2ccccc23)C1=O,-3.565
Fc1ccc2c3c(ccc2c1)-c1cccc2cccc-3c12,-2.948
N/C(=N\O)c1cc(O)c(O)c(O)c1,-5.087
CC(=O)Nc1ccc(-c2ccccc2)cc1,-3.682
Cc1c2ccccc2nc2c1ccc1ccccc12,-3.061
Nc1ccc(-c2ccc(N)cc2[N+](=O)[O-])cc1,-3.442
O=C1C(=O)c2cccc3cccc1c23,-3.358
N=C1CCC(=N)c2c1c(O)c1ccccc1c2O,-4.621
COc1cc2c(c3oc(=O)c4c(c13)CCC4=O)[C@@H]1C=CO[C@@H]1O2,-3.391
C=CCn1cc2c3c(cccc31)C1CC(C)CN(C#N)C1C2,-3.737
CC(C)(C)c1cc(-c2ccccc2)ccc1N=O,-3.532
[CH2-][N+](C)(C)CCO,-2.958
Cn1/c(=N/N)sc2ccccc21,-3.662
CC1CCCC2(C)CCCCC12O,-2.294
O=C(O)/C=C/c1ccc([N+](=O)[O-])o1,-2.347
ONc1ccc(-c2ccccc2)cc1,-3.114
CCCCCCCCCCCCCC(=O)O[C@@H]1[C@H](C)[C@]2(O)[C@@H](C=C(CO)C[C@@]3(O)C(=O)C(C)=C[C@@H]23)[C@H]2C(C)(C)[C@@]12OC(C)=O,-5.904
Cc1ccc(N=Nc2ccc(N(CCO)CCO)cc2)cc1,-4.165
Nc1ccc([N+](=O)[O-])cc1,-3.317
COC(=O)C1=C(C)NC(COC(N)=O)=C(C(=O)OC(C)C)C1c1cccc(Cl)c1Cl,-3.866
Cc1cnc2cc(C)c3c(nc(N)n3C)c2n1,-3.662
Cc1cccc2c1-c1cc3ccccc3cc1C1NC21,-3.652
O=C1OCC(Cl)=C1Cl,-2.787
CC(C)C1(NC(=O)C2CC3c4cccc5[nH]cc(c45)CC3N(C)C2)OC2(O)C3CCCN3C(=O)C(Cc3ccccc3)N2C1=O,-3.964
O=Cc1cccc(-c2ccccc2)c1,-3.754
Nc1ccc(N=Nc2ccc(N)cc2)cc1,-3.612
CCCCN(CCCC(=O)O)N=O,-2.091
CC1CN=C(O)N1c1ncc([N+](=O)[O-])s1,-3.35
Cc1ccc(N)cc1N=[N+]([O-])c1cc(N)ccc1C,-5.141
Clc1cccc(Cl)c1NC1=NCCN1,-2.975
CCOC[C@@H](O)COc1ccc(NC(=O)CC[S+](C)C)cc1,-4.799
ClCCSCc1ccccc1,-3.48
ClCC(Br)CCl,-2.644
CCOc1ccc(C(C)(C)C)cc1NC(=O)C(=O)Nc1ccccc1CC,-4.01
O=S(c1cc(Cl)cc(Cl)c1O)c1cc(Cl)cc(Cl)c1O,-3.514
Oc1ccc(O)c2c(O)c3ccccc3c(O)c12,-6.936
COC1=CC(=O)c2c(nc(C)c3c4c[nH]ccc-4nc23)C1=O,-3.485
ONc1ccc2ccccc2c1,-4.241
CCC1OC(CO)C(COCC2OC(COC3OC(CO)C(O)C(O)C3O)C(OC)C(O)C2O)C(O)C1O,-8.551
CCC[C@@H](C)C[C@@H](OC(=O)C[C@@H](CC(=O)O)C(=O)O)[C@@H](C[C@H](C)CCCCCC[C@H](O)C[C@H](O)[C@@H](C)N)OC(=O)C[C@@H](CC(=O)O)C(=O)O,-9.702
CCC1OC(=O)C(C)C(OC2CC(C)(OC)C(O)C(C)O2)C(C)C(O)(C2OC(C)CC(N(C)C)C2O)C(C)(O)CC(C)C(=O)C(C)C(C)(O)C1O,-5.852
CC1OC(OCC2OC(Oc3c(-c4ccc(OCCO)c(OCCO)c4)oc4cc(OCCO)cc(O)c4c3=O)C(O)C(O)C2O)C(O)C(O)C1O,-7.668
CCCCC(C)C(OC(=O)CC(CC(=O)O)C(=O)O)C(CC(C)CC(O)CCCCC(O)CC(O)C(C)N)OC(=O)CC(CC(=O)O)C(=O)O,-5.514
CNC1C(OC2C(OC3C(O)C(O)C(N=C(N)N)C(O)C3N=C(N)N)OC(C)C2(O)C=O)OC(CO)C(O)C1O,-7.498
CCOC(=O)[C@@H](C[C@](C)(C[C@@H](C[C@@](C)(C[C@H](C)C(=O)OCC)C(=O)O)C(=O)OCC)C(=O)O)C[C@](C)(CC)C(=O)O,-1.951
C=C1CC23CCC4C(C)(C(=O)OC5OC(CO)C(O)C(O)C5O)CCCC4(C)C2CCC1(OC1OC(CO)C(O)C(O)C1OC1OC(C)C(O)C(O)C1O)C3,-6.57
O=C(O)C(F)(F)C(F)(F)C(F)(F)C(F)(F)C(F)(F)C(F)(F)C(F)(F)C(F)(F)C(F)(F)F,-3.332
COc1ccc(CCC(=O)c2c(O)cc(O[C@@H]3O[C@H](CO)[C@@H](O)[C@H](O)[C@H]3O[C@@H]3O[C@@H](C)[C@H](O)[C@@H](O)[C@H]3O)cc2O)cc1O,-7.762
C=C1C[C@@]23CC[C@H]4[C@@](C)(CCC[C@@]4(C)C(=O)O)[C@@H]2CC[C@]1(O[C@@H]1O[C@H](CO)[C@@H](O)[C@H](O)[C@H]1O[C@@H]1O[C@H](CO)[C@@H](O)[C@H](O)[C@H]1O)C3,-7.226
OC[C@@H]1CO[C@@H](CCI)O1,-4.479
CCC(C)C(C(CC(=O)N1CCCC1C(OC)C(C)C(=O)NC(Cc1ccccc1)c1nccs1)OC)N(C)C(=O)C(NC(=O)C(C(C)C)N(C)C)C(C)C,0.611
CC[C@H](CC[C@@H](C)[C@H]1CC[C@H]2[C@@H]3CC=C4C[C@@H](O)CC[C@]4(C)[C@H]3CC[C@]12C)C(C)C,-4.014
CC1OC(OCC2OC(Oc3c(-c4ccc(O)c(O)c4)oc4cc(O)cc(O)c4c3=O)C(O)C(O)C2O)C(O)C(O)C1O,-8.153
COC1COC(COCC2COC(OC)C(OS(=O)(=O)O)C2OS(=O)(=O)O)C(OS(=O)(=O)O)C1OS(=O)(=O)O,-2.688
CNC1C(O)C(OC2C(NC(=O)C(O)CN)CC(N)C(OC3CC(CN)C(O)C(O)C3O)C2O)CCC1(C)O,-8.704
CCCCC(C)C(OC(=O)CC(CC(=O)O)C(=O)O)C(CC(C)CC(O)CCCCCCC(O)C(C)N)OC(=O)CC(CC(=O)O)C(=O)O,-5.11
CCCCC(C)C(OC(=O)CC(CC(=O)O)C(=O)O)C(CC(C)CCCCCCC(O)CC(O)C(C)N)OC(=O)CC(CC(=O)O)C(=O)O,-5.793
Br[C@@H]1CC[C@H](Br)[C@H](Br)CC[C@@H](Br)[C@@H](Br)CC[C@H]1Br,-3.034
CCC1(O)CC(OC2CC(N(C)C)C(OC3CC(O)C(O)C(C)O3)C(C)O2)c2c(cc3c(c2O)C(=O)c2c(O)ccc(O)c2C3=O)C1C(=O)OC,-5.464
CC(C)=CCC/C(C)=C\CC/C(C)=C\CC/C=C(/C)CC/C=C(/C)CCC=C(C)C,-2.495
COc1ccc(C2CC(=O)c3c(O)cc(OC4OC(COC5OC(C)C(O)C(O)C5O)C(O)C(O)C4O)cc3O2)cc1O,-9.255
O=C(O)C(F)(F)C(F)(Cl)C(F)(F)C(F)(Cl)C(F)(F)C(F)(Cl)C(F)(F)Cl,-3.044
CC(=O)Nc1ccc(S(=O)(=O)O)c2cc(S(=O)(=O)O)c(N=Nc3ccc(N=Nc4ccc(S(=O)(=O)O)cc4)c4ccc(S(=O)(=O)O)cc34)c(O)c12,-3.604
CC[C@H]1CN2CCc3cc(OC)c(OC)cc3[C@H]2C[C@H]1C[C@H]1NCCc2cc(OC)c(OC)cc21,-4.116
Oc1ccc2[nH]ccc2c1,-4.113
ClC1=C(Cl)C(Cl)(C2(Cl)C(Cl)=C(Cl)C(Cl)=C2Cl)C(Cl)=C1Cl,-2.987
Nc1cc2c(O)c(N=Nc3ccc(N=Nc4ccc(S(=O)(=O)O)cc4)c4ccc(S(=O)(=O)O)cc34)c(S(=O)(=O)O)cc2cc1S(=O)(=O)O,-2.365
CN=P1(NC)N=P(NC)(NC)N=P(NC)(NC)N1,-4.821
CCCCC(CC)COP(OCC(CC)CCCC)OCC(CC)CCCC,-2.962
CCCC[C@@H](CC)COP(OC[C@H](CC)CCCC)OC[C@H](CC)CCCC,-2.14
O=C1c2ccccc2C(=O)c2c1ccc(C1OC(CO)C(O)C(O)C1O)c2O,-6.944
O=C1c2ccccc2C(=O)c2c1cc(OC1OC(COC3OCC(O)C(O)C3O)C(O)C(O)C1O)c(CO)c2O,-9.502
C[C@@H](CCC(=O)O)[C@H]1CC[C@H]2[C@@H]3CC[C@H]4C[C@@H](O)CC[C@]4(C)[C@H]3CC[C@]12C,-3.149
CNP1(NC)=NP(NC)(NC)=NP(NC)(NC)=N1,-3.447
OCC(O)C(O)CO,-3.744
Nc1ccn([C@@H]2O[C@H](COP(=O)(O)O[C@H]3[C@@H](O)[C@H](n4cnc5c(N)ncnc54)O[C@@H]3CO)[C@@H](O)[C@H]2O)c(=O)n1,-4.794
CCC1CN2CCc3cc(OC)c(OC)cc3C2CC1CC1NCCc2cc(OC)c(OC)cc21,-4.61
C1CCC2OCCOCCOCCOC3CCCCC3OCCOCCOCCOC2C1,-0.34
CCCCCCCCCCCCOCCOCCOCCOCCOCCOCCOCCO,-3.471
O=P(OCCCl)(OCCCl)OCCCl,-3.176
N[C@@H](CCC(=O)N[C@@H](CS/C(Cl)=C(/Cl)C(Cl)=C(Cl)Cl)C(=O)NCC(=O)O)C(=O)O,-4.876
O=C1c2ccccc2C(=O)c2c1ccc([C@@H]1O[C@H](CO)[C@@H](O)[C@H](O)[C@H]1O)c2O,-6.314
C[C@]12CC[C@H](OC(=O)COc3ccc(N(CCCl)CCCl)cc3)C[C@@H]1CC[C@@H]1[C@@H]2CC[C@]2(C)NC(=O)CC[C@@H]12,-1.483
CC(OP(=O)(OC(C)C(Br)CBr)OC(C)C(Br)CBr)C(Br)CBr,-3.483
CC(C)(C)NC(=O)SCC(NC(=O)CCC(N)C(=O)O)C(=O)NCC(=O)O,-4.634
O=P(OCCC(Br)CBr)(OCCC(Br)CBr)OCCC(Br)CBr,-4.019
O=C(O)C(F)(F)C(F)(Cl)C(F)(F)C(F)(Cl)C(F)(F)Cl,-3.436
CC(Br)C(Br)COP(=O)(OCC(Br)C(C)Br)OCC(Br)C(C)Br,-3.434
O=P(Oc1ccccc1)(Oc1ccccc1)Oc1ccccc1,-4.348
C[C@]12CC[C@H](OC(=O)Cc3ccc(N(CCCl)CCCl)cc3)C[C@@H]1CC[C@@H]1[C@@H]2CC[C@]2(C)NC(=O)CC[C@@H]12,-1.766
CCCC[C@@H](CC)COP(=O)(OC[C@H](CC)CCCC)OC[C@H](CC)CCCC,-2.754
COc1cccc2c1C(=O)c1c(O)c3c(c(O)c1C2=O)C[C@@](O)(C(=O)CO)C[C@@H]3O[C@H]1C[C@H](N2CCOC[C@H]2C#N)[C@H](O)[C@H](C)O1,-6.22
CC(=O)c1cc(NC(=O)Nc2ccc(OCC(O)CNC(C)(C)C)c(C(C)=O)c2)ccc1OCC(O)CNC(C)(C)C,-5.749
COC(=O)[C@H]1[C@H]2C[C@@H]3c4[nH]c5cc(OC)ccc5c4CCN3C[C@@H]2C[C@@H](OC(=O)c2cc(OC)c(OC)c(OC)c2)[C@@H]1OC,-4.239
C1CCC2OCCOCCOC3CCCCC3OCCOCCOCCOC2C1,-1.243
COc1cc2c(cc1O)CCN[C@]21CSC2c3c(OC(C)=O)c(C)c4c(c3[C@H](COC1=O)N1[C@@H](O)[C@@H]3Cc5cc(C)c(OC)c(O)c5[C@H]([C@H]21)N3C)OCO4,-3.644
Nc1ccc2cc(S(=O)(=O)O)c(N=Nc3ccc(-c4ccc(N=Nc5c(S(=O)(=O)O)cc6cc(S(=O)(=O)O)cc(N)c6c5O)cc4)cc3)c(O)c2c1,-3.651
CC[C@H](CO)NCCN[C@H](CC)CO,-3.772
OCC1OC(n2cnc3c(NCC(O)COc4cccc5ccccc45)ncnc32)C(O)C1O,-6.988
Nc1ccc(N=Nc2ccc(N=Nc3c(S(=O)(=O)O)cc4cc(S(=O)(=O)O)c(N=Nc5ccc(N=Nc6ccc(N)cc6N)cc5)c(O)c4c3N)cc2)c(N)c1,-5.645
CCC1=C(CC2NCCc3cc(OC)c(OC)cc32)CC2c3cc(OC)c(OC)cc3CCN2C1,-4.742
N[C@@H](CCC(=O)N[C@@H](CSC(Cl)=C(Cl)Cl)C(=O)NCC(=O)O)C(=O)O,-5.022
COc1cc(C2c3cc4c(cc3C(OC3OC5COC(C)OC5C(O)C3O)C3COC(=O)C23)OCO4)cc(OC)c1O,-4.703
CSCCC(NC(=O)C(N)Cc1c[nH]c2ccccc12)C(=O)NC(CC(=O)O)C(=O)NC(Cc1ccccc1)C(N)=O,-7.808
CCOC(=O)[C@H](CCSC)NC(=O)[C@H](Cc1cccc(N(CCCl)CCCl)c1)NC(=O)[C@@H](N)Cc1ccc(F)cc1,-6.52
CC1(C)CCC2(C(=O)O)CCC3(C)C(=CCC4C5(C)CC(O)C(OC6OC(CO)C(O)C(O)C6O)C(C)(C(=O)O)C5CCC43C)C2C1,-4.774
CC(O)CN(CCN(CC(C)O)CC(C)O)CC(C)O,-4.969
CC(C)(Br)C(Br)COP(=O)(OCC(Br)C(C)(C)Br)OCC(Br)C(C)(C)Br,-4.01
ClC1(Cl)C2(Cl)C3(Cl)C4(Cl)C(Cl)(Cl)C5(Cl)C3(Cl)C1(Cl)C5(Cl)C24Cl,-2.19
O=C1C2(Cl)C3(Cl)C4(Cl)C(Cl)(Cl)C5(Cl)C3(Cl)C1(Cl)C5(Cl)C24Cl,-2.902
OCC(Cl)(Cl)Cl,-3.239
C=C1C(=O)O[C@@H]2C[C@H](C)[C@H]3C[C@@H](OCC)O[C@@H](OCC)[C@]3(C)C[C@H]12,-2.928
C[C@H]1C[C@H]2OC(=O)[C@H](C)[C@H]2C[C@@]2(C)[C@H](O)C[C@H](O)C[C@H]12,-4.024
CCCCC(CC)COP(=O)(OCC(CC)CCCC)OCC(CC)CCCC,-1.997
[O-][NH+](O)c1c(Cl)c(Cl)c(Cl)c(Cl)c1Cl,-2.093
COc1c(O)c2c(c3cc(C(=O)N4CCc5c4c(O)c(OC)c4[nH]c(C(=O)N6CC7CC78C6=CC(=O)c6[nH]cc(C)c68)cc54)[nH]c13)CCN2C(N)=O,-2.003
C1CCC2OCCOCCOC3CCCCC3OCCOCCOC2C1,-1.116
CSCC(NC(=O)COc1cccc2cnccc12)C(=O)NC(Cc1ccccc1)C(O)C(=O)N1CSCC1C(=O)NC(C)(C)C,-4.326
CC(=O)O[C@H]1CC[C@]2(C)[C@H]3CC[C@@]4(C)[C@@H](CC[C@H]4[C@H](C)CCCC(C)C)[C@@H]3C[C@@H]3N(N4C(=O)c5ccccc5C4=O)[C@@]32C1,-2.737
O=C1c2cc([N+](=O)[O-])cc([N+](=O)[O-])c2-c2c1cc([N+](=O)[O-])cc2[N+](=O)[O-],-2.945
CN(Cc1cnc2nc(N)nc(N)c2n1)c1c(Cl)cc(C(=O)N[C@@H](CCC(=O)O)C(=O)O)cc1Cl,-4.087
FC(F)(F)C(F)(F)C(F)(F)C(F)(F)I,-2.993
CC(C)(C)c1ccc(OP2OCC3(CO2)COP(Oc2ccc(C(C)(C)C)cc2C(C)(C)C)OC3)c(C(C)(C)C)c1,-3.81
COc1ccc2c3c([nH]c2c1)C1CC2C(CN1CC3)C(OC(=O)/C=C/c1cc(OC)c(OC)c(OC)c1)CC(OC)C2OC(C)=O,-3.644
NC1CCC(CC2CCC(N)CC2)CC1,-4.655
COc1cccc2c1C(=O)c1c(O)c3c(c(O)c1C2=O)C[C@@](O)(/C(C)=N/NC(=O)c1ccccc1)C[C@@H]3O[C@H]1C[C@H](N)[C@H](O)[C@H](C)O1,-7.869
CCCCCCCCCCCCOC(=O)CCSCCC(=O)OCCCCCCCCCCCC,-1.984
CCN(CC)C(=S)SSCC(NC(=O)CCC(N)C(=O)O)C(=O)NCC(=O)O,-5.051
O=P(OCC(Br)CBr)(OCC(Br)CBr)OCC(Br)CBr,-4.176
Nc1c(N=Nc2ccc(-c3ccc(N=Nc4ccc(O)cc4)cc3)cc2)c(S(=O)(=O)O)cc2cc(S(=O)(=O)O)c(N=Nc3ccccc3)c(O)c12,-4.243
CC(=O)O[C@H]1C[C@@H]2C(COC(=O)CC(C)C)=CO[C@@H](OC(=O)CC(C)C)[C@H]2[C@@]12CO2,-2.158
CCC(CO)NCCNC(CC)CO,-3.705
C=C1CC[C@H](O)C/C1=C/C=C1/CCC[C@]2(C)[C@@H]1CC[C@H]2[C@H](C)CCCC(C)C,-3.268
CC(C)(C)C1=CC(=CC=C2C=C(C(C)(C)C)C(=O)C(C(C)(C)C)=C2)C=C(C(C)(C)C)C1=O,-2.132
N[C@H](CCC(=O)N[C@H](CSc1ccc([N+](=O)[O-])cc1[N+](=O)[O-])C(=O)NCC(=O)O)C(=O)O,-4.87
C[C@]12CC[C@H]3[C@@H](CC=C4NC(=O)CC[C@@]43C)[C@@H]1CC[C@@H]2OC(=O)CCCc1ccc(N(CCCl)CCCl)cc1,-3.287
COc1cc(-c2ccc(N=Nc3c(S(=O)(=O)O)cc4cc(N)ccc4c3O)c(OC)c2)ccc1N=Nc1cc(S(=O)(=O)O)c2ccccc2c1O,-4.346
CC(C)CC[C@@H](C)Nc1ccc(N[C@H](C)CCC(C)C)cc1,-2.721
CC(Br)(CBr)COP(=O)(OCC(C)(Br)CBr)OCC(C)(Br)CBr,-3.031
CCOP(=S)(OCC)SC1OCCOC1SP(=S)(OCC)OCC,-2.854
CCCCC(CC)COC(=O)c1ccc(C(=O)OCC(CC)CCCC)c(C(=O)OCC(CC)CCCC)c1,3.297
CC(=O)OC1C(OC23C=C(C)C4(CC4)C(C)(O)C2C(=O)C(C)(C)C3)OC(CO)C(OC(=O)/C=C/c2ccc(O)cc2)C1O,-1.013
C[C@H](CS)[C@@H]1CC[C@@H](C)[C@H](S)C1,-3.608
NC(CCC(=O)NC(CSC(=O)NCCO)C(=O)NCC(=O)O)C(=O)O,-6.18
CC(=O)NCCc1ccc(O)c(-c2c(O)c(O)c3c(c2O)C(=O)c2c(cc(O)c(C(=O)O)c2C(=O)O)C3=O)c1,-5.796
CC[C@]1(O)C[C@H](O[C@@H]2C[C@H](N)[C@@H](O)[C@H](C)O2)c2c(cc3c(c2O)C(=O)c2c(O)ccc(O)c2C3=O)[C@H]1C(=O)OC,-7.41
CCOP(=S)(OCC)S[C@@H]1OCCO[C@H]1SP(=S)(OCC)OCC,-4.042
O=C(NC(=O)c1c(F)cccc1F)Nc1cc(Cl)c(Oc2ncc(C(F)(F)F)cc2Cl)c(Cl)c1,-4.043
CCCC[C@@H](CC)COC(=O)c1ccc(C(=O)OC[C@H](CC)CCCC)c(C(=O)OC[C@H](CC)CCCC)c1,-4.122
NC(CCC(=O)NC(CS/C(Cl)=C/Cl)C(=O)NCC(=O)O)C(=O)O,-5.813
CC(=O)OCC1=CO[C@@H](OC(=O)CC(C)C)[C@H]2C1=C[C@H](OC(=O)CC(C)C)[C@]21CO1,-3.13
COc1ccccc1NC(=O)C(N=Nc1ccc(-c2ccc(N=NC(C(C)=O)C(=O)Nc3ccccc3OC)c(Cl)c2)cc1Cl)C(C)=O,-3.512
C[C@]12CC[C@H](OC(=O)/C=C/c3cccc(N(CCCl)CCCl)c3)CC1=CC[C@@H]1[C@@H]2CC[C@]2(C)NC(=O)CC[C@@H]12,0.271
NC(CCC(=O)NC(CSC(=O)NCCCCl)C(=O)NCC(=O)O)C(=O)O,-4.963
CC(=O)N(CC(O)CO)c1c(I)c(C(=O)NCCO)c(I)c(C(=O)NCC(O)CO)c1I,-7.462
COc1cccc2c1C(=O)c1c(O)c3c(c(O)c1C2=O)C[C@@](O)(C(C)=O)C[C@@H]3O[C@H]1C[C@H](N(C)C)[C@@H](O)[C@H](C)O1,-6.957
CC(C)CCC(C)Nc1ccc(NC(C)CCC(C)C)cc1,-3.273
O=[N+]([O-])c1cc([N+](=O)[O-])c(O)c([N+](=O)[O-])c1,-2.312
COc1cc2c3c(c1)Oc1c(OC)c(OC)cc4c1[C@H](Cc1ccc(OC)c(c1)Oc1ccc(cc1)C[C@@H]3N(C)CC2)N(C)CC4,-3.572
Cc1c([N+](=O)[O-])cc(N=[N+]([O-])c2cc([N+](=O)[O-])c(C)c([N+](=O)[O-])c2)cc1[N+](=O)[O-],-3.334
O=c1n(Cl)c(=O)n(Cl)c(=O)n1Cl,-2.367
C1C[C@H](O[C@H]2CC[C@@H]3O[C@@H]32)[C@H]2O[C@@H]12,-3.358
OCC1OC(n2cnc3c(NO)ncnc32)C(O)C1O,-6.485
Cc1c(C(=O)O)c(O)cc2c1C(=O)c1c(O)c([C@H]3O[C@@H](CO)[C@H](O)[C@@H](O)[C@@H]3O)c(O)c(O)c1C2=O,-7.803
NC(CCC(=O)NC(CSC(=O)NCCCl)C(=O)NCC(=O)O)C(=O)O,-5.149
CC(C)[C@@H]1CC[C@H](C)[C@@H]2CC[C@H](C)C[C@H]21,-3.001
O=c1c2cc(O)ccc2oc2cc(O)cc(O)c12,-5.65
O=c1n(CCO)c(=O)n(CCO)c(=O)n1CCO,-4.068
CCC1(O)CC(OC2CC(N(C)C)C(O)C(C)O2)c2c(cc3c(c2O)C(=O)c2c(O)ccc(O)c2C3=O)C1C(=O)OC,-5.669
CCN(Cc1cccc(S(=O)(=O)O)c1)c1ccc(C(=C2C=C[C-]([NH+](CC)Cc3cccc(S(=O)(=O)O)c3)C=C2)c2ccc(O)cc2S(=O)(=O)O)cc1,-4.206
COc1cc(-c2ccc(N=Nc3cc(S(=O)(=O)O)c4ccccc4c3O)c(OC)c2)ccc1N=Nc1cc(S(=O)(=O)O)c2ccccc2c1O,-4.168
CN[C@H]1C[C@@H](O[C@H]2C[C@@](O)(C(C)=O)Cc3c(O)c4c(c(O)c32)C(=O)c2c(OC)cccc2C4=O)O[C@@H](C)[C@@H]1O,-5.855
C[C@H](CCl)OP(=O)(O[C@H](C)CCl)O[C@H](C)CCl,-3.712
O=S1(=O)OCCCO1,-2.191
C1CC2OC2CC1COCC1CCC2OC2C1,-3.102
COc1cccc2c1C(=O)c1c(O)c3c(c(O)c1C2=O)C(OC1CC(N(C)C)C(O)C(C)O1)CC(O)(C(=O)CO)C3,-6.033
Clc1c(Cl)c(Cl)c2c(Cl)c(Cl)c(Cl)c(Cl)c2c1Cl,-2.98
C[C@@H](O)CN(C[C@@H](C)O)C[C@@H](C)O,-2.057
O=C(O)c1cc(N=Nc2ccc(-c3ccc(N=Nc4ccc(N=Nc5ccc(O)c(C(=O)O)c5)c5cc(S(=O)(=O)O)ccc45)cc3)cc2)ccc1O,-6.927
O=C1c2cc([N+](=O)[O-])ccc2-c2c1cc([N+](=O)[O-])cc2[N+](=O)[O-],-2.963
CNC1CC(OC2CC(O)(C(C)=O)Cc3c(O)c4c(c(O)c32)C(=O)c2c(OC)cccc2C4=O)OC(C)C1O,-4.948
Clc1c(Cl)c(Cl)c2c(c1Cl)Oc1c(Cl)c(Cl)c(Cl)c(Cl)c1O2,-2.803
Nc1ccc2cc(S(=O)(=O)O)cc(O)c2c1N=Nc1ccc(-c2ccc(N=Nc3c(N)ccc4cc(S(=O)(=O)O)cc(O)c34)cc2)cc1,-4.64
O=[N+]([O-])c1c(Cl)c(Cl)cc(Cl)c1Cl,-3.42
ClC(Cl)=C(Cl)c1c(Cl)c(Cl)c(Cl)c(Cl)c1Cl,-3.333
Nc1c(N=Nc2ccc([N+](=O)[O-])cc2)c(S(=O)(=O)O)cc2cc(S(=O)(=O)O)c(N=Nc3ccccc3)c(O)c12,-3.864
NC(CCC(=O)NC(CSC(Cl)=C(Cl)Cl)C(=O)NCC(=O)O)C(=O)O,-3.933
Cc1cc(O)c2c(c1)C(=O)c1c(c(O)cc(O)c1-c1c(O)cc(O)c3c1C(=O)c1cc(C)cc(O)c1C3=O)C2=O,-4.78
Nc1ccc2cc(S(=O)(=O)O)cc(O)c2c1N=Nc1ccc(-c2ccc(N=Nc3cc(S(=O)(=O)O)c4ccccc4c3N)cc2)cc1,-4.756
CCCC[C@@H](CC)CNC[C@H](CC)CCCC,-1.937
COC(=O)C1C2CC3c4[nH]c5cc(OC)ccc5c4CCN3CC2CC(OC(=O)c2cc(OC)c(OC)c(OC)c2)C1OC,-5.957
CCC1(O)CC(OC2CC(N)C(O)C(C)O2)c2c(cc3c(c2O)C(=O)c2c(O)ccc(O)c2C3=O)C1C(=O)OC,-6.076
O=S(=O)(O)c1cc(Nc2ccc([NH+]([O-])O)cc2[NH+]([O-])O)ccc1Nc1ccccc1,-4.448
O=C(O)[C@@H]1[C@H](C(=O)O)[C@]2(Cl)C(Cl)=C(Cl)[C@@]1(Cl)C2(Cl)Cl,-2.41
CC(C)(C)OOC(C)(C)CCC(C)(C)OOC(C)(C)C,-1.125
CCC1(O)CC(OC2CC(N(C)C)C(O)C(C)O2)c2c(cc3c(c2O)C(=O)c2c(O)cccc2C3=O)C1C(=O)OC,-6.808
BrC[C@@H](Br)[C@@H]1CC[C@@H](Br)[C@@H](Br)C1,-3.324
CO[C@@H]1C[C@](C)(O)Cc2cc3c(c(O)c21)C(=O)c1c(O)cc2c(c1C3=O)O[C@@H]1O[C@@]2(C)[C@H](O)[C@@H](N(C)C)[C@H]1O,-5.714
COC1(NC(=O)CSCC(N)C(=O)O)C(=O)N2C(C(=O)O)=C(CSc3nnnn3C)CSC21,-4.692
CC(=O)OCC(=O)[C@@]1(OC(C)=O)CC[C@H]2[C@@H]3C[C@@H](F)C4=CC(=O)C(Br)=C[C@]4(C)[C@@]3(F)[C@@H](O)C[C@@]21C,-4.596
C[C@@H]1O[C@@H](O[C@H]2C[C@](O)(CO)Cc3c(O)c4c(c(O)c32)C(=O)c2ccccc2C4=O)[C@H](I)[C@H](O)[C@@H]1O,-7.172
Cc1c(N=[N+]([O-])c2cc([N+](=O)[O-])cc([N+](=O)[O-])c2C)cc([N+](=O)[O-])cc1[N+](=O)[O-],-3.801
Cc1c(C(=O)O)c(O)cc2c1C(=O)c1c(O)c(C3OC(CO)C(O)C(O)C3O)c(O)c(O)c1C2=O,-8.883
Cc1c(N=[N+]([O-])c2cc([N+](=O)[O-])c(C)c([N+](=O)[O-])c2)cc([N+](=O)[O-])cc1[N+](=O)[O-],-3.503
C[NH+](O)[N-]CC1OC(CO)C(O)C(O)C1O,-4.985
CCCCCCCCOP(=O)(OCCCCCCCC)OCCCCCCCC,-2.317
COc1cc(O[C@@H]2O[C@H](CO)[C@@H](O)[C@H](O)[C@H]2O)c2c(=O)c3c(O)ccc(O)c3oc2c1,-6.746
CCOC(/C=C(/C)CCC=C(C)C)OCC,-2.292
CCN(Cc1cccc(S(=O)(=O)O)c1)c1ccc(C(=C2C=C[C-]([NH+](CC)Cc3cccc(S(=O)(=O)O)c3)C=C2)c2ccc(S(=O)(=O)O)cc2)cc1,-4.152
O=[N+]([O-])c1c(Cl)c(Cl)c2c(c1Cl)Oc1ccc(Cl)c(Cl)c1O2,-2.598
COc1cc(OC2OC(CO)C(O)C(O)C2O)c2c(=O)c3c(O)ccc(O)c3oc2c1,-6.103
CCCCC(CC)CNCC(CC)CCCC,-2.013
Cc1cc(-c2ccc(N=Nc3c(N)c(C)cc(S(=O)(=O)O)c3N)c(C)c2)ccc1N=Nc1ccc(O)c(C(=O)O)c1,-5.627
CN1[C@@H](CSCC(F)(F)F)Nc2cc(Cl)c(S(N)(=O)=O)cc2S1(=O)=O,-3.156
CC(C)CN(CC(C)C)CC(C)C,-2.835
COc1cc(C(=O)OCCCN2CCCN(CCCOC(=O)c3cc(OC)c(OC)c(OC)c3)CC2)cc(OC)c1OC,-4.956
CC(=O)C(C)=O,-1.716
COc1cccc2c1C(=O)c1c(O)c3c(c(O)c1C2=O)CC(O)(C(=O)CO)CC3OC1CC(N)C(O)C(C)O1,-6.901
CC(=O)C(N=Nc1ccc(-c2ccc(N=NC(C(C)=O)C(=O)Nc3ccccc3)c(Cl)c2)cc1Cl)C(=O)Nc1ccccc1,-2.9
CC(=O)[C@@H](N=Nc1ccc(-c2ccc(N=N[C@H](C(C)=O)C(=O)Nc3ccccc3)c(Cl)c2)cc1Cl)C(=O)Nc1ccccc1,-3.718
COc1cccc2c1C(=O)c1c(O)c3c(c(O)c1C2=O)CC(O)(C(=O)CO)CC3OC1CC(N)C(OC)C(C)O1,-6.367
CC(C)(COCC1CO1)COCC1CO1,-0.757
C=CCN(CC=C)c1cc(NC(C)=O)c(N=Nc2c(Br)cc([N+](=O)[O-])cc2[N+](=O)[O-])cc1OC,-3.469
CC(C)c1c(C(=O)Nc2ccccc2)c(-c2ccccc2)c(-c2ccc(F)cc2)n1CCC(O)CC(O)CC(=O)O,-5.047
CC(C)CCCC(C)C1CCC2C3CC=C4CC(OCCOCCO)CCC4(C)C3CCC12C,-4.259
Nc1ccc2cc(S(=O)(=O)O)cc(O)c2c1N=Nc1ccc([N+](=O)[O-])cc1S(=O)(=O)O,-3.849
O=c1c2c(O[C@@H]3O[C@H](CO)[C@@H](O)[C@H](O)[C@H]3O)cc(O)cc2oc2c(O)ccc(O)c12,-7.213
O=C(O)C1OC(N(O)c2ccc(-c3ccccc3)cc2)C(O)C(O)C1O,-5.644
Cc1cc(-c2ccc(N=Nc3cc(S(=O)(=O)O)c4ccccc4c3N)c(C)c2)ccc1N=Nc1cc(S(=O)(=O)O)c2ccccc2c1N,-3.886
O=NN1CCS[C@H]1CO,-2.834
CC(=O)C(N=Nc1ccc(-c2ccc(N=NC(C(C)=O)C(=O)Nc3ccc(C)cc3C)c(Cl)c2)cc1Cl)C(=O)Nc1ccc(C)cc1C,-3.014
O=[N+]([O-])c1cc(C(F)(F)F)cc([N+](=O)[O-])c1O,-3.024
O=NN1CCSC1C(O)C(O)C(O)C(O)CO,-6.812
ClCC1OC(CCl)OC(CCl)O1,-3.396
CC(=O)C1(O)Cc2c(O)c3c(c(O)c2C(OC2CC(N)C(O)C(C)O2)C1)C(=O)c1c(O)cccc1C3=O,-5.592
O=S(=O)(O)c1ccc(N=Nc2c(O)ccc3cc(S(=O)(=O)O)cc(S(=O)(=O)O)c23)cc1,-3.316
COc1cc(C2OCC3C(c4cc(OC)c(OC)c(OC)c4)OCC23)cc(OC)c1OC,-3.715
C[C@@H]1O[C@@H](O[C@H]2C[C@](O)(C(=O)CO)Cc3c(O)c4c(c(O)c32)C(=O)c2ccccc2C4=O)C[C@H](N)[C@H]1O,-6.178
CSSC,-1.285
C1CSCCS1,-2.969
c1ccncc1,-2.137
CS(C)(=O)=O,-1.698
C[N+](C)(C)CCCl,-2.553
N#CCC#N,-1.556
C1CS1,-1.313
CNC,-2.381
CC(C)C(C)C,-1.66
C#CCBr,-1.539
OCC(Br)=C(Br)CO,-3.165
C=C=O,-1.692
CCCC,-0.709
C#CCO,-1.649
ICI,-1.936
C/C=C/C,-1.837
N#CCCC#N,-1.203
N#CCBr,-2.167
CC#N,-1.824
N#CCl,-1.545
N#C/C=C\C#N,-1.521
N#CC(=N)C(N)C#N,-3.415
IC(I)I,-2.016
COC=O,-0.885
O=CC(=C(Cl)Cl)C(Cl)Cl,-2.104
N#CSCSC#N,-2.617
N#C/C(N)=C(\N)C#N,-3.76
N#CCCl,-2.137
CN=C=O,-1.952
S=P(N1CC1)(N1CC1)N1CC1,-1.826
[CH2-][N+](C)(C)CCCl,-2.607
CC(=O)CC(C)=O,-2.694
C=[N+]([O-])O,-1.841
O=C(O)C(=O)O,-0.988
O=C(O)O,-2.14
C=C(C)C#N,-1.492
COC(=O)CC(=O)OC,1.984
CN(C)C#N,-1.902
COC(C)=O,-1.473
N#CCO,-1.341
CC(=O)C=O,-1.608
C=C(C)C,-1.863
O=C1c2ccccc2C(=O)c2c1ccc(OC1OC(COC3OCC(O)C(O)C3O)C(O)C(O)C1O)c2O,-8.568
COC(=O)CC(C)=O,-2.426
CCC[C@@H](C)C[C@H](OC(=O)C[C@@H](CC(=O)O)C(=O)O)[C@H](C[C@H](C)C[C@H](O)CCCC[C@H](O)C[C@H](O)[C@H](C)N)OC(=O)C[C@@H](CC(=O)O)C(=O)O,-6.971
O=c1ccc2cc(O[C@@H]3O[C@H](CO)[C@@H](O)[C@H](O)[C@H]3O)c(O)cc2o1,-6.705
CC(C)=O,-2.075
O=NN1CC(=O)NC1=O,-5.689
O=C1c2ccccc2C(=O)c2c1ccc1nc3c(ccc4c(O)c5ccccc5c(O)c43)nc21,-3.801
O=c1c2c(OC3OC(CO)C(O)C(O)C3O)cc(O)cc2oc2c(O)ccc(O)c12,-8.079
CCCCOC(=O)CC(CC(=O)OCCCC)(OC(C)=O)C(=O)OCCCC,-2.782
CCCCC(CC)COC(=O)CCCCCCCCC(=O)OCC(CC)CCCC,-2.698
OC1COC(NCCc2c[nH]c3ccccc23)C(O)C1O,-7.109
CCCCCCCCCCCCCC(=O)OC1C(C)C2(O)C(C=C(CO)CC3(O)C(=O)C(C)=CC32)C2C(C)(C)C12OC(C)=O,-3.638
CN(C)C=O,-1.511
[N-]=[N+]=NC[C@@H](O)Cn1cnc2c(N)ncnc21,-5.596
CCCCCCCCC1OC1CCCCCCCC(=O)OCC(CC)CCCC,-2.671
O=c1ccc2cc3c4c(c2o1)CCCN4CCC3,-4.705
[CH2-][N+](C)(Cl)c1ccc2cc3ccc(N(C)C)cc3nc2c1,-4.301
CCCCC(CC)COC(=O)CCCCC(=O)OCC(CC)CCCC,-3.933
O=[N+]([O-])C1=Cc2c3c1cccc3cc1ccc3ccccc3c21,-4.142
CC(C)CCCCCCCOC(=O)c1ccccc1C(=O)OCCCCCCCC(C)C,-3.228
COC(=O)C12CC1(C=O)C(C=O)C=C1CC(C)(C)CC12,-3.484
COC(=O)C12CC1(C=O)C(C=O)=CC1CC(C)(C)CC12,-3.394
C=C1C[C@@]23CCC4[C@@](C)(CCC[C@@]4(C)C(=O)O)C2CCC1(OC(C)=O)C3,-2.915
OC1Cc2cc3cccc4ccc5ccc1c2c5c43,-4.53
CCCCC(CC)COC(=O)c1ccc(C(=O)OCC(CC)CCCC)cc1,-3.088
CCCCCCCCCCCCCCCC(=O)OCC1(O)CC23CCC4c5ccoc5C=CC4(C)C2CCC1C3,-1.411
O=C1c2ccccc2C(=O)c2c1ccc(O)c2O,-4.87
OC[C@H]1O[C@@H](n2cnc3c(NO)ncnc32)[C@H](O)[C@@H]1O,-6.124
O=CC1C=COC=C1,-2.893
CC(C)CCCCCCOC(=O)CCCCC(=O)OCCCCCCC(C)C,-2.521
CC(C)CCCCCCOC(=O)c1ccccc1C(=O)OCCCCCCC(C)C,-1.698
CC(=O)OC1C2CC(C)(C)CC2=C(C=O)C2(C=O)CC12C,-2.825
CC1(C)CC2C=C(C=O)C3(C=O)CC3(C)C2C1,-3.815
O=C1c2ccccc2C(=O)c2c(O[C@@H]3O[C@H](CO)[C@@H](O)[C@H](O)[C@H]3O)ccc(O)c21,-7.749
CCCCCC(CC)OC(=O)c1cccc(C(=O)OC(CC)CCCCC)c1,-2.629
O=C1c2ccccc2C(=O)c2c(OC3OC(CO)C(O)C(O)C3O)ccc(O)c21,-8.092
O=NN(Cc1ccccc1)Cc1ccccc1,-4.122
CCCCC(CC)COC(=O)c1cccc(C(=O)OCC(CC)CCCC)c1,-2.776
CC1(C)C[C@@H](N=C=O)C[C@](C)(CN=C=O)C1,-2.926
OC1C2=C(C3OC3C1O)C1c3cccc4cccc(c34)C1C=C2,-4.875
O=NN1CCSC1C(O)C(O)C(O)CO,-4.779
O=NN(CCCl)C(=O)NC1CCCCC1,-2.738
CC(=O)Oc1c(C)c(C)c2c(c1C)CCC(C)(CCCC(C)CCCC(C)CCCC(C)C)O2,-3.586
O=C1c2cccc(O)c2C(=O)c2c(O[C@@H]3O[C@H](CO)[C@@H](O)[C@H](O)[C@H]3O)cccc21,-6.577
CCCCCCCC(=O)OCC(COC(=O)CCCCCCC)OC(=O)CCCCCCC,-1.566
CC1(C)CC(N=C=O)CC(C)(CN=C=O)C1,-2.948
[CH2-][N+](C)(Cl)C1C(O)C(C(N)=O)C(=O)C2(O)C(O)=C3C(=O)c4c(O)cccc4C(C)(O)C3CC12,-5.036
O=C1c2cccc(O)c2C(=O)c2c(OC3OC(CO)C(O)C(O)C3O)cccc21,-6.529
O=C(C=Cc1ccc(O)c(O)c1)OC1CC(O)(C(=O)O)CC(O)C1O,-5.602
O=NN(CC(=O)O)CC1(O)CCC(O)C(O)C1O,-6.374
CC(=O)O[C@H]1[C@@]2(O)CC(C)(C)CC2=C(C=O)[C@@]2(C=O)C[C@@]12C,-4.13
C=C1CC23CCC4C(C)(C(=O)O)CCCC4(C)C2CCC1(OC1OC(CO)C(O)C(O)C1O)C3,-4.293
O=[N+]([O-])c1ccc(NO)cc1,-3.092
Oc1cc(O)c2ccccc2c1,-4.782
N[C@H](Cc1c[nH]c2ccccc12)C(=O)O,-4.174
CC(=O)C1(O)C=C(OC2CC(N)C(O)C(C)O2)c2c(c(O)c3c(O)c4ccccc4c(O)c3c2O)C1,-7.855
CC(=O)OCC1OC(Oc2cccc3c2C(=O)c2c(O)cccc2C3=O)C(OC(C)=O)C(OC(C)=O)C1OC(C)=O,-3.634
CCCCC(CC)COC(=O)c1ccccc1C(=O)OCC(CC)CCCC,-2.536
Nc1c(O)cccc1C(=O)CC(N)C(=O)O,-4.775
C=C(C)C=O,-1.617
O=Cc1c(O)cc2c(c1O)C(=O)c1ccccc1C2=O,-3.539
CC/C=C\C/C=C\C/C=C\CCCCCCCC(=O)OCC,-3.74
C[C@@]12CCC3[C@@](CCC4[C@@]3(C)CCC[C@@]4(C)C(=O)O)(CC1=O)C2,-2.996
OCC(CO)NC1CC(O)(CO)C(O)C(O)C1O,-7.506
O=C(/C=C\c1ccc(O)c(O)c1)O[C@@H]1C[C@](O)(C(=O)O)C[C@H](O)[C@H]1O,-5.862
CNN,-4.512
O=[N+]([O-])c1ccc(CO)c([N+](=O)[O-])c1,-3.303
O=Cc1c([N+](=O)[O-])cccc1[N+](=O)[O-],-3.292
CCCC[C@@H](CC)COC(=O)c1ccc(N(C)C)c([N+](=O)[O-])c1,-3.143
NCN,-4.565
COc1cc(/C=C/C(=O)OC2CCC34CC35CCC3(C)C(C(C)CCC=C(C)C)CCC3(C)C5CCC4C2(C)C)ccc1O,-1.198
N#[N+][N-]CC(O)C(O)C(O)C(O)CO,-4.535
O=c1n(CC2CO2)c(=O)n(CC2CO2)c(=O)n1CC1CO1,-3.554
CCCCCCCCCCCCCCCC(=O)OC/C=C(C)/C=C/C=C(C)/C=C/C1=C(C)CCCC1(C)C,-2.208
CCl,-1.155
CCCCCCCCCCCCCCCCCC(=O)OCC(O)CO,-3.986
CC1(C)CC2C=C(CO)C3(C=O)CC3(C)C2C1,-4.346
NC(Cc1c[nH]c2ccc(O)cc12)C(=O)O,-4.739
CC(C)CCCCCOC(=O)c1ccccc1C(=O)OCCCCCC(C)C,-2.942
CC1(C)C[C@H]2C=C(CO)[C@@]3(C=O)C[C@@]3(C)[C@@H]2C1,-4.248
C1COCCOCCOCCOCCOCCOCCO1,-2.137
CCCCC(CC)COC(=O)c1ccc(N(C)C)c([N+](=O)[O-])c1,-3.792
C=CC1(C)CCC2(C)C(C1)C(=O)CC1C3(C)CCCC12OC3=O,-3.738
OC[P+](CO)(CO)CO,-3.643
CCN(CC)c1ccc(C(=C2C=CC(=[N+](CC)CC)C=C2)c2ccc(N(CC)CC)cc2)cc1,-3.288
O=c1[nH]c(=O)n(C2CCCO2)cc1F,-4.928
O=C(O)C1CSC(c2ccccc2O)N1C(=O)CCSSCCC(=O)N1C(C(=O)O)CSC1c1ccccc1O,-4.541
CC(=O)N(O)c1ccccc1,-3.919
O=C1CN(CCN2CC(=O)N(CN3CCOCC3)C(=O)C2)CC(=O)N1CN1CCOCC1,-4.894
CC(=O)N(O)c1ccc([N+](=O)[O-])cc1,-3.007
NC(=O)CI,-2.925
O=C(O)CI,-1.638
CCOc1ccc(N(O)C(C)=O)cc1,0.346
CCCCCCC(C/C=C/CCCCCCCC(=O)OC)OC(C)=O,-3.187
CC1=CC(=O)CC(C)(C)C1,-3.026
CC(=O)N(O)c1ccc(/C=C/c2ccccc2)cc1,-3.137
C[C@H]1C[C@@H](OC(=O)c2ccccc2O)CC(C)(C)C1,-4.912
Cc1ccc(NCC2(O)OCC(O)C(O)C2O)cc1,-7.179
CC1(C)CC(C(=O)NC(CO)C(O)CO)C(C)(C)[N+]1=O,-5.398
CC(=O)N(O)c1ccc(Sc2ccccc2)cc1,-1.317
CO/N=C(\C(=O)NC1C(=O)N2C(C(=O)OCOC(=O)C(C)(C)C)=C(/C=C/c3scnc3C)CSC12)c1csc(N)n1,-3.857
O=NN1CCCC1c1cccnc1,-3.638
CC(=O)N(O)c1ccc(Oc2ccccc2)cc1,-3.803
O=C1c2ccccc2C(=O)c2c1cc(O)c(CO)c2O,-5.108
O=c1c2ccc(OCC3CO3)cc2sn1CC1CO1,-3.349
O=C(O)CN(CCN(CC(=O)O)CC(=O)O)CC(=O)O,-2.304
Nc1nc(=O)n(C2CC(O)C(CO)O2)cc1I,-5.344
OCNc1ncnc2c1ncn2C1OC(CO)C(O)C1O,-6.149
Cc1c(C)c2c(c(C)c1O)CCC(C)(CCCC(C)CCCC(C)CCCC(C)C)O2,-3.259
NC(Cc1c[nH]c2ccccc12)C(=O)O,-4.129
CCCCCCCCCCCCCCCCCC[N+](C)(C)[CH-]c1ccccc1,-2.797
CC1CC(OC(=O)c2ccccc2O)CC(C)(C)C1,-4.587
OCC(CO)N[C@@H]1C[C@](O)(CO)[C@H](O)[C@@H](O)[C@@H]1O,-7.872
OC1C=Cc2ccc3cc4c(ccc5ccccc54)cc3c2C1O,-5.694
NC(CC(=O)O)C(=O)O,-2.845
N[C@H](Cc1ccc(O)c(O)c1)C(=O)O,-5.435
Cc1cc(O)c2c(c1)C(=O)C13C4C(=O)C56C(=O)c7c(O)cc(C)cc7C(=O)C57C(C(=O)C16C2=O)C(C)C3C7C4C,-3.484
C=C(C)C1C=C2C(COC(=O)CCCCCCCCCCCCCCCCC)=CC=C2C(C)=CC1,-2.942
OC[C@@H](O)[C@@H](O)[C@H](O)[C@@H](O)CO,-5.137
CC(=O)N(O)c1ccc(-c2ccccc2)cc1,-3.571
CCCCCCCCCCCCCOC(=O)C[N+](CC)(CC)CC,-2.398
CCCCC(CC)COC(=O)c1ccc(C(=O)O)cc1,-2.537
CC(=O)N(O)c1ccc(Cl)cc1,-3.733
Cn1cnc([NH+]([O-])O)c1Sc1ncnc2[nH]cnc12,-4.791
CC(=O)OC1CC2C3(C)CCCC(C)(C)C3CCC2(C)C2CC=C(C=O)C(C=O)C12C,-2.428
C1COCCOCCOCCOCCOCCO1,-2.27
CN1C(=O)CCC1c1ccc[n+]([O-])c1,-5.151
OC(Cn1ccnc1)c1ccc(CCc2ccccc2)cc1,-6.643
CC1(C)CC2C=C(C=O)C34CC3(C(=O)OC4O)C2C1,-4.333
CC(=O)N(O)c1ccc2ccccc2c1,-3.072
NNC(N)=O,-1.889
Cc1cnc2ccc3c(nc(NC4OC(C(=O)O)C(O)C(O)C4O)n3C)c2n1,-4.937
CC(=O)OCC12CC(OC(=O)CC(C)C)C(C)=CC1OC1C(O)C(OC(C)=O)C2(C)C12CO2,0.566
CN(C)N,-4.247
NC(Cn1ccnc1)C(=O)O,-2.985
Cn1c2ccccc2c2nn[n+]([O-])c(C(=O)OCCCl)c21,-5.492
CCCCCCCCCCCCCCCC(=O)OCC(O)c1oc(O)c(O)c1O,-4.171
OC1C=Cc2ccc3c(ccc4ccccc43)c2C1O,-5.494
O=NN(CCc1c[nH]c2ccccc12)C1OCC(O)C(O)C1O,-6.261
CC(=O)OCC12CCC(C)=CC1OC1C(O)C(OC(C)=O)C2(C)C12CO2,-3.208
CC(O)C(O)C(O)C(O)C1SCCN1N=O,-5.434
OC1C=Cc2c(ccc3cc4c(ccc5ccccc54)cc23)C1O,-4.986
CC=O,-1.953
S=C(Nc1ccccc1)Nc1ccccc1,-3.459
CCCC[C@@H](CC)COC(=O)/C=C/c1ccc(OC)cc1,-2.624
C=C1CC23CCC4C(C)(C(=O)O)CCCC4(C)C2CCC1C3,-2.965
CCCCCCCCCC=CCC1CC(=O)OC1=O,-2.771
CCCCCCCCCCCOC(=O)c1ccccc1C(=O)OCCCCCCCCCCC,-1.666
CCCCCCCCCCC=CC1CC(=O)OC1=O,-2.464
C[C@@H](N)CN,-2.247
O=CC(NC(=O)N(CCCl)N=O)C(O)C(O)C(O)CO,-6.428
NCCCCC(N)C(=O)NC(Cc1c[nH]c2ccccc12)C(=O)NC(CCCCN)C(=O)O,-8.412
O=c1[nH]c2c(c(=O)n1C1CCCCC1)CCC2,-4.472
CCCCCCCCCCCCCN1CC(C)OC(C)C1,-3.407
COc1cccc2c1cc1c3c(cc4c(c32)OCO4)C(=O)N1[C@@H]1O[C@H](CO)[C@@H](O)[C@H](O)[C@H]1O,-5.74
CCCCCC(C)(O)/C=C/C1C(O)CC(=O)C1C/C=C/CCCC(=O)O,-4.942
CCOC(=O)C1OC1C(=O)NC(CC(C)C)C(=O)NCCC(C)C,-4.051
CCCCOc1ccc(/C=N/c2ccc(CC)cc2)cc1,-2.5
COC(=O)CCC(=O)OC,-2.563
CC(=O)OC1C(O)C2OC3C=C(C)C(OC(=O)CC(C)C)CC3(OC(C)=O)C1(C)C21CO1,-3.144
COC(=O)CCCCC(=O)OC,-2.979
COC(=O)CCCC(=O)OC,-2.557
CC1(C)CC2=C(C=O)C3(C=O)CC3(C)C(O)C2(O)C1,-4.679
COC(=O)CCl,-2.586
CCCCN(CCC(=O)OC)N=O,-2.299
CC12CCC3C(CCC4CC(OC(=O)/C=C/c5cccc(N(CCCl)CCCl)c5)CCC43C)C1CCC(=O)N2,-0.773
OCC1OC(OC2(CO)OC(CO)C(O)C2O)C(O)C(O)C1O,-6.255
CCCCCCCC/C=C\CCCCCCCC(=O)OC,1.486
CC12CCNC(=O)C=C1CCC1C2CCC2(C)C(OC(=O)/C=C/c3cccc(N(CCCl)CCCl)c3)CCC12,-4.353
Cc1cc2c(C(C)C)c(O)c(O)c(C=O)c2c(O)c1-c1c(C)cc2c(C(C)C)c(O)c(O)c(C=O)c2c1O,-5.594
O=c1c2[nH]c3ccccc3c2nnn1N=Cc1ccc(Cl)cc1,-4.44
CN(C)c1ccc(N=Nc2ccc(OC3OC(CO)C(O)C(O)C3O)cc2)cc1,-5.476
OC[C@@H](O)[C@@H](O[C@H]1O[C@H](CO)[C@@H](O)[C@H](O)[C@H]1O)[C@H](O)[C@@H](O)CO,-9.066
CC(C)OC(=O)CC(=O)OC(C)C,-2.103
CCCCCCCCC(Cl)CCC(Cl)CC(Cl)C(Cl)C(Cl)CC(=O)OC,-3.132
OCC(O)C(O)C(OC1OC(CO)C(O)C(O)C1O)C(O)CO,-7.365
CCC1OC(=O)C(C)C(OC2CC(C)(OC)C(O)C(C)O2)C(C)C(OC2OC(C)CC(N(C)C)C2O)C(C)(O)CC(C)CN(C)C(C)C(O)C1(C)O,-6.787
CC(C)(C)OC(=O)C[N-][N+]#N,-2.328
CC(C)(C)OC(=O)[C@H](N)CN=[N+]=[N-],-2.846
O=Cc1cn(C2CC(O)C(CO)O2)c(=O)[nH]c1=O,-5.061
O=[N+]([O-])c1ccc2c(c1)nc(/C=N/OCc1ccccc1[N+](=O)[O-])n2Cc1ccc(Cl)cc1Cl,-2.702
O=[N+]([O-])c1ccc(CNc2ncnc3c2ncn3C2OC(CO)C(O)C2O)cc1,-5.878
COC12C(=COC(N)=O)c3c(O)c(N)c(C)c(O)c3N1CC1NC12,-4.601
Nc1nc(-c2cccc([N+](=O)[O-])c2)nc2c1ncn2C1OC(CO)C(O)C1O,-5.043
COC(=O)C(N)CSCCCl,-3.264
O=NN(CC(=O)O)CC(=O)O,-1.685
OCC=CCl,-2.608
O=S(=O)(O)c1c(N=Nc2c(O)ccc3ccccc23)ccc2ccccc12,-5.462
O=c1[nH]c(=O)n(C2CC(O)C(CO)O2)cc1/C=C/Br,-5.694
N=c1ccn2c(n1)O[C@H]1[C@H](O)[C@@H](CO)O[C@@H]12,-5.71
OCC(O)C(O)C(O)C(O)CO,-6.458
N=c1ccn2c(n1)OC1C(O)C(CO)OC12,-6.23
O=c1c(Cl)c(Cl)cnn1S(=O)(=O)c1ccc(Cl)cc1,-3.447
O=NN(CC1(O)CCC(O)C(O)C1O)C(Cc1ccccc1)C(=O)O,-7.003
COc1ccc(S(=O)(=O)n2ncc(Cl)c(Cl)c2=O)cc1,-4.104
O=[N+]([O-])c1ccc(-[n+]2nc(-c3ccccc3)nn2-c2ccc(I)cc2)cc1,-2.738
Nc1nc(O)nc2c1ncn2C1OC(CO)C(O)C1O,-5.759
O=c1[nH]c(=O)n([C@H]2C[C@@H](O)[C@@H](CO)O2)cc1CO,-6.092
OCCN(CCO)c1nc(-c2cccs2)nc2ccccc12,-4.25
O=c1c(Cl)c(Cl)cnn1S(=O)(=O)c1ccc(Cl)cc1Cl,-3.714
O=C1C=C2C(=CCOC2O)O1,-5.231
C#CCOCC[n+]1ccccc1/C=N/O,-1.755
CC(CC1=C(C=O)COC1O)C1=CCC(C)(C)C1,-4.096
O=CC(=O)c1ccccc1,-3.686
C=C(C)C(=O)OC(C)(C)C,-2.63
O=[N+]([O-])c1cc2c3c(ccc4cc([N+](=O)[O-])cc(c43)CC2)c1,-3.594
C=CC(=O)OCC(CO)(COC(=O)C=C)COC(=O)C=C,-2.978
O=S(=O)(O)C1C(O)c2c(cc3ccc4cccc5ccc2c3c45)C(O)C1O,-4.526
O=[N+]([O-])c1cc2c3c(c1)CCc1c4c(cc(c1-3)CC2)CCCC4,-3.37
[O-][NH+](O)OCC(CO[NH+]([O-])O)(CO[NH+]([O-])O)CO[NH+]([O-])O,-1.637
OC(Nc1snc2ccccc12)C(Cl)(Cl)Cl,-5.293
CC(=O)c1cc(NC(=O)NC(C)(C)C)ccc1OCC(O)CNC(C)(C)C,-4.818
CC(=O)N(O[C@@H]1O[C@H](CO)[C@@H](O)[C@H](O)[C@H]1O)c1ccc(Oc2ccc(Cl)cc2)cc1,-3.417
Nc1nc(-c2ccc([N+](=O)[O-])cc2)nc2c1ncn2C1OC(CO)C(O)C1O,-6.76
O=Nc1c(O)ccc2ccccc12,-4.911
OCCO,-2.288
Clc1ccc(COC(Cn2ccnc2)c2ccc(Cl)cc2Cl)cc1,-4.78
O=C(O)[C@@H]1CSCN1,-2.736
C=CC(=O)OC,-1.753
CCOC(=O)CNC(=O)CCCCSc1[nH]cnc2ncnc1-2,-5.458
C=C(C)C(=O)OC,-1.935
CC(=O)N(OC1OC(CO)C(O)C(O)C1O)c1ccc(Oc2ccc(Cl)cc2)cc1,-2.081
C[C@@H]1CC2C3CCC4=CC(=O)C=C[C@]4(C)[C@@]3(F)[C@@H](O)C[C@]2(C)[C@@]1(O)C(=O)CO,-4.45
C=C(C)C(=O)OC(C)C,-2.393
O=C(O)C1CSCN1,-2.736
N#[N+][N-]CC1OC(O)C(O)C(O)C1O,-4.736
O=[N+]([O-])c1ccc(NC2OCC(O)C(O)C2O)cc1,-4.478
C#CC1(OC(C)=O)CCC2C3CCC4=C(CCC(=O)C4)C3CCC21C,-1.919
C[C@H](CCc1ccccc1)NC[C@@H](O)c1ccc(O)c(C(N)=O)c1,-5.607
CCOC(=O)CC(C)C,-2.42
C/C=C(\C=C(C)\C=C(C)\C=C\C=C(/C)C(=O)[C@@]12O[C@@H]1[C@](O)(CCO)NC2=O)C(=O)OC,-5.466
Nc1nc(NO)c2ncn(C3OC(CO)C(O)C3O)c2n1,-7.886
Cc1ncc(C[n+]2csc(CCO)c2C)c(N)n1,-5.788
CC(CCc1ccccc1)NCC(O)c1ccc(O)c(C(N)=O)c1,-5.728
O=NN(CC(=O)O)C[C@]1(O)OC[C@@H](O)[C@@H](O)[C@H]1O,-6.858
O=c1oc2cc(-n3nc4ccc5ccccc5c4n3)ccc2cc1-c1ccccc1,-2.853
[O-][NH+](O)c1cc([NH+]([O-])O)c(Cl)c([NH+]([O-])O)c1,-2.815
O=c1c(Cl)c(Cl)cnn1S(=O)(=O)c1ccccc1,-3.693
CC1CC2OC(=O)C3(C)C2C(OC3(C)O)C2(C)C(=O)C=CC12,-3.974
C=C(C)C(=O)OCC(C)O,-3.006
CCN(CC)CCCN,-4.582
Oc1ccc(Cl)cc1Cc1cc(Cl)ccc1O,-5.665
O=S1(=O)OC(c2cc(Br)c(O)c(Br)c2)(c2cc(Br)c(O)c(Br)c2)c2ccccc21,-2.281
CC=C(C=C(C)C=C(C)C=CC=C(C)C(=O)C12OC1C(O)(CCO)NC2=O)C(=O)OC,-5.974
C=C(C)C(=O)OCC,-1.816
O=[N+]([O-])OCC(CO[N+](=O)[O-])(CO[N+](=O)[O-])CO[N+](=O)[O-],-1.637
O=NN1C(C(=O)O)CSC1C(O)C(O)C(O)C(O)CO,-6.438
Nc1nc(O)c2nc(O)n(C3OC(CO)C(O)C3O)c2n1,-6.202
CCNC(=O)Nc1ccc(OCC(O)CNC(C)(C)C)c(C(C)=O)c1,-3.966
Cc1cccc(C)c1Nc1cc(Cl)nc(SCC(=O)NCCO)n1,-4.727
CC(C)Cc1nccs1,-4.529
O=NN(CC(=O)O)CC1(O)OCC(O)C(O)C1O,-6.941
[O-][NH+](O)c1ccc(/N=N/c2c(O)ccc3ccccc23)c(Cl)c1,-5.517
CC(C)OC(=O)C[C@@](O)(CC(=O)O)C(=O)O,-3.046
CC(C)OC(=O)CC(O)(CC(=O)O)C(=O)O,-3.046
OC(CBr)C(O)C(O)C(O)CBr,-6.227
O=C1c2c(O)ccc(O)c2C(=O)c2c(NCCNCCO)ccc(NCCNCCO)c21,-7.126
CC(C)(C)N(Cc1ccccc1)CC(O)c1ccc(O)c(CO)c1,-6.962
CC(N)(CN=[N+]=[N-])C(=O)O,-2.762
CC(C)(C)NCC(O)c1ccc(O)c(NC(N)=O)c1,-6.423
CCCC(=O)Nc1ncnc2c1ncn2C1OC2COP(=O)(O)OC2C1OC(=O)CCC,-2.954
C1COCCN1,-2.101
[O-][N+](O)=C(Cl)Cl,-1.73
O=C1C=CC(=O)N1c1ccc(Cc2ccc(N3C(=O)C=CC3=O)cc2)cc1,-3.832
CC1(C)CC2=C(C1)C(C=O)C1(C=O)CC1(C)C2O,-3.861
C=C(C)C(=O)O,-1.148
CCOC(=O)CC(=O)CCl,-2.424
O=c1oc2c(O)c(O)cc3c(=O)oc4c(O)c(O)cc1c4c23,-4.491
[N-]=[N+]=NC[C@@H](N)C(=O)O,-2.524
C=CC(=O)OC(C)(C)C,-2.43
C=C(C)C(=O)OCC(CC)(COC(=O)C(=C)C)COC(=O)C(=C)C,-3.199
CC(=O)NC(CS/C(Cl)=C/Cl)C(=O)O,-3.368
OC[C@H]1CO1,-3.718
CC(C)(COC[C@H]1CO1)COC[C@H]1CO1,-1.231
CCOC(C)=O,-2.555
C=C(C)C(=O)OCC(C)(C)COC(=O)C(=C)C,-1.573
COP(O)(=NC(C)=O)SC,-3.645
COC(N)=O,-2.154
OC1C=Cc2c(ccc3cc4ccccc4cc23)C1O,-4.727
C=CC(=O)OCC(CC)(COC(=O)C=C)COC(=O)C=C,-2.357
CCOc1ccc([N+](=O)[O-])cc1,-2.77
c1cscn1,-3.649
O=C1CC2SCC=CN12,-4.204
C/C(C=O)=C(/Cl)C(=O)O,-1.744
O[NH+]([N-]c1ccc(Cl)c(Cl)c1)c1ccc(Cl)c(Cl)c1,-3.537
NCCc1ccc(O)c(O)c1,-5.689
O=CC(Cl)=C(Cl)Cl,-2.023
Oc1ccc2ccc3c4c(cc5ccc1c2c53)C(O)C(O)C=C4,-6.067
Cc1ccc(N(CC2(O)OCC(O)C(O)C2O)N=O)cc1,-5.611
O=C/C(Br)=C(\Br)C(=O)O,-2.423
O=CC(O)C(O)C(O)C(O)CO,-5.438
O=CC=O,-1.035
C=C(Cl)C(=O)OC,-2.145
CC[C@@H]1OC(=O)[C@H](C)[C@@H](O[C@H]2C[C@@](C)(OC)[C@@H](O)[C@@H](C)O2)[C@H](C)[C@@H](O[C@@H]2O[C@H](C)C[C@H](N(C)C)[C@H]2O)[C@](C)(O)C[C@@H](C)C(=O)[C@H](C)[C@@H](O)[C@]1(C)O,-5.285
Cc1cc(C)cc(N=Nc2c(O)ccc3ccccc23)c1,-4.207
CC(NC(=O)Cc1cnc(C)nc1N)=C(CCOC(=O)c1ccccc1)SC(=O)c1ccccc1,-4.238
C[C@@H]1C[C@H]2OC(=O)[C@]3(C)[C@H]2[C@@H](O[C@]3(C)O)[C@@]2(C)C(=O)C=C[C@@H]12,-4.899
CC(C)(C)NCC(O)COc1nsnc1N1CCOCC1,-5.582
CCN(CCCl)CCCNc1c2ccc(Cl)cc2nc2ccc(OC)nc12,-4.16
[O-][NH+](O)c1cc(N(CCO)CCO)ccc1NCCO,-4.311
CC[NH+]([O-])O,-0.609
COC(=O)COc1ccc(Cl)cc1Cl,-3.881
CC12C=CC(=O)C=C1CCC1C2C(O)CC2(C)C1CCC2(O)C(O)C=O,-3.999
CC(C)=C(Cl)C=O,-1.317
NCCCC[C@H](N[C@@H](CCc1ccccc1)C(=O)O)C(=O)N1CCC[C@H]1C(=O)O,-5.216
O=[N+]([O-])c1cc2c(ccc3ccccc32)c2c1C=CC(O)C2O,-4.583
CCN(CC)C(=S)SC1OC(CO)C(O)C(O)C1O,-5.493
CCN(CC)CCNc1ccc2ncn3c4ccc(O)cc4c(=O)c1c23,-5.23
NCCCCC(NC(CCc1ccccc1)C(=O)O)C(=O)N1CCCC1C(=O)O,-4.689
Cc1cc(O)c2c(c1)C(=O)c1cc(O[C@@H]3O[C@H](C)[C@@H](O)[C@H](O)[C@H]3O)cc(O)c1C2=O,-6.367
O=[N+]([O-])OC1COC2C(O)COC12,-3.644
S=C=S,-1.161
C#C[C@]1(OC(C)=O)CC[C@H]2[C@@H]3CCC4=CC(=O)CC[C@@H]4[C@H]3CC[C@@]21C,-2.506
Cc1cc2c(c3ccc4ccccc4c13)C[C@H](O)C2=O,-3.72
S=C=NCCc1ccccc1,-3.218
Cc1cc(O)c2c(c1)C(=O)c1cc(OC3OC(C)C(O)C(O)C3O)cc(O)c1C2=O,-6.444
Cc1cc2c(c3ccc4ccccc4c13)CC(O)C2=O,-3.72
OCC12OOC1(CO)c1ccccc1O2,-4.819
CCOC(=O)CCl,-2.248
O=C(O)c1cc(Cl)ccc1O,-4.543
COC(=O)CNC(=O)C(CSCCCl)NC(=O)CCC(N)C(=O)O,-3.886
C=C(C)C(=O)OCC(C)(C)C,-2.427
CCN(CC)CCNc1ccc2nc(C)n3c4ccc(O)cc4c(=O)c1c23,-5.68
N#[N+][N-]CCC(=O)O,-1.188
C=C(C)C(C)=O,-1.839
COc1cc(C2Oc3cc(C4Oc5cc(O)cc(O)c5C(=O)C4O)ccc3OC2CO)ccc1O,-6.446
Cc1ccc(S(=O)(=O)n2ncc(Cl)c(Cl)c2=O)cc1,-3.076
[O-][n+]1cccc2c3c(ccc21)C(O)C(O)C1OC31,-5.936
COP(=O)(OC)OC=C(Cl)Cl,-2.935
COC(=COC(N)=O)c1c(O)c(N2CC2)c(C)c(O)c1N1CC1,-5.376
CCN(CC)CCNc1ccc(COS(C)(=O)=O)c2sc3ccccc3c(=O)c12,-4.451
CCOc1ccc(N=O)cc1,-2.608
CC(C)(C)OOC(C)(C)C,-2.147
CN1C2CC(OC(=O)C(CO)c3ccccc3)CC1C1OC12,-5.97
CC(=O)OC1C(O)C2OC3C=C(C)C(=O)C(O)C3(CO)C1(C)C21CO1,-6.356
C=C(C)[C@H]1CC=C(C)[C@@H](OC(C)=O)C1,-3.078
CCCC/C=C/C=C/C=C/C=C/C=C/OC,-2.039
O=C(O)CN(CC(=O)O)CC(=O)O,-2.009
C/C=C1/C[C@H](C)[C@](O)(CO)C(=O)OCC2=CC[N@@+]3([O-])CC[C@@H](OC1=O)[C@@H]23,-4.514
CCOC(=O)C[C@@H](SP(=O)(OC)OC)C(=O)OCC,-2.38
CC1(C)SSCC(C(=O)O)NC1=O,-3.027
CC(=O)c1cc(N)ccc1OCC(O)CNC(C)(C)C,-6.511
CCOC(=O)CC(SP(=O)(OC)OC)C(=O)OCC,-2.836
Cc1cc(Cl)ccc1O,-4.606
O=C/C(Cl)=C(\Cl)C(=O)O,-1.848
CCOC(=O)CC(C)O,-2.904
CCN(CC)C(=O)Nc1ccc(OCC(O)CNC(C)(C)C)c(C(C)=O)c1,-5.318
CCOC(=O)CNC(=O)C=[NH+][NH-],-3.486
CC(=O)O[C@H]1[C@H](O)[C@@H]2O[C@H]3C=C(C)C(=O)[C@H](O)[C@@]3(CO)[C@@]1(C)[C@@]21CO1,-5.041
O=c1[nH]c(=O)n(Cl)c(=O)n1Cl,-2.572
CCCCCCCCS(=O)[C@H](C)Cc1ccc2c(c1)OCO2,-4.337
CC(C)(C)NCC(O)COc1cccc2c1CC(O)C(O)C2,-7.113
CC=C1CC(C)C(O)(CO)C(=O)OCC2=CC[N+]3([O-])CCC(OC1=O)C23,-4.832
O=C(O)C1Cc2c([nH]c3ccccc23)C(CO)N1,-5.041
C/C(=C(/OCCOc1ccc(Cl)cc1)c1ccc(Cl)cc1Cl)n1ccnc1,-6.386
Nc1cc(N)c(N=Nc2ccc(S(=O)(=O)O)cc2)cc1N=Nc1ccc(-c2ccc(N=Nc3ccc(O)c(C(=O)O)c3)cc2)cc1,-5.304
C=C(C)C1CC=C(C)C(OC(C)=O)C1,-3.546
Nc1ccc(Cc2ccc(N)c(Cc3ccc(N)cc3)c2)cc1,-3.989
OOC1CCCc2ccccc21,-4.642
O[C@@H](c1ccc2c(c1)OCO2)[C@@H]1CO1,-4.174
ON1CN(Cl)CN(Cl)C1,-3.365
Nc1ccc(N=Nc2cccc(N=Nc3ccc(N)cc3N)c2)c(N)c1,-5.297
O=[N+]([O-])c1ccc2ccc3cc4c(c5ccc1c2c35)C=CCC4,-3.254
O=[N+]([O-])c1ccc2ccc3c4c(cc5ccc1c2c53)CCC=C4,-3.226
CC(Cc1ccc(O)c(O)c1)C(C)Cc1ccc(O)c(O)c1,-5.88
N=C(O)NN=CC(=O)O,-2.498
OC(CCl)CCl,-3.563
O=C(NC(S)c1nc2ccccc2s1)NC(S)c1nc2ccccc2s1,-4.134
N#[N+][N-]CC(O)Cn1cnc2c(Cl)ncnc21,-5.259
COc1cccc2c1C(=O)c1c(O)c3c(c(O)c1C2=O)CC(O)(C(C)=O)CC3OC1CC(N)C(O)C(C)O1,-6.98
CC12CCC3c4ccc(O)cc4CCC3C1CC(O)C2O,-5.3
N#[N+][N-]CC(O)Cn1cnc2c(N)ncnc21,-4.483
O=C(O)C1OC(Oc2ccc3cc4ccc5cccc6ccc(c3c2)c4c56)C(O)C(O)C1O,-3.844
OCC1OC(n2cnc3c2ncn2ccnc32)C(O)C1O,-5.568
O=C(O)C1OC(Oc2c3ccccc3c3ccc4cccc5ccc2c3c54)C(O)C(O)C1O,-4.961
CC(=O)C1(O)Cc2c(O)c3c(c(O)c2C(OC2CC(N)C(O)C(C)O2)C1)C(=O)c1ccccc1C3=O,-5.655
O=C=S,-1.804
O=S(=O)(O)CNc1ccc(N=Nc2cccnc2)cc1,-5.168
NC(CO)C(=O)NNCc1ccc(O)c(O)c1O,-6.867
Oc1ccc(Cl)c(Cl)c1,-4.124
O=C(O)/C=C\C(=O)O,-1.541
O=[N+]([O-])c1ccc2ccc3c4c(cc5ccc1c2c53)C=CCC4,-2.978
CSc1ncnc2c1ncn2CC(O)C[N-][N+]#N,-3.503
O=C(O)/C=C/C=C/C(=O)O,-1.999
O=[N+]([O-])O[C@@H]1CO[C@H]2[C@@H]1OC[C@H]2O,-3.644
N#[N+][N-]CC(O)C(O)C(O)C(O)C(=O)O,-4.185
CN(N=O)C(=O)NC1C(O)OC(CO)C(O)C1O,-6.221
Nc1nc(O)c2nc(O)n(C3CC(O)C(CO)O3)c2n1,-5.475
O=C(O)C1OC(Oc2cccc3c2cc2ccc4cccc5ccc3c2c45)C(O)C(O)C1O,-5.113
CCCN=NC(C)(C)OO,-3.05
Nc1nc(O)nc2c1ncn2C1CC(O)C(CO)O1,-5.347
CCCC1(O)CCC2C3CCC4CC(=O)CC(C)C4(C)C3CCC21C,-3.409
[CH2-][N+](=O)[O-],-1.042
c1cnccn1,-3.562
O=C(COc1cc(Cl)c(Cl)cc1Cl)NC(Cc1c[nH]c2ccccc12)C(=O)O,-4.919
O[C@H]1C=C2c3cc4ccccc4cc3-c3cccc(c32)[C@@H]1O,-3.917
O=C(O)C1OC(Oc2ccc3ccc4cc5ccccc5c5ccc2c3c45)C(O)C(O)C1O,-4.833
O=[N+]([O-])c1ccc2cc3ccccc3cc2c1,-3.778
Nc1ncnc2c1ncn2C1OC(CO)C(O)C1O,-5.23
Nc1ccc(-c2ccc(N)c(N)c2)cc1N,-4.423
O=CO,-1.006
CCCCCC(=O)OC1(C(C)=O)CCC2C3CCC4=CC(=O)CCC4C3CCC21C,-2.099
O=C(COc1ccc(Cl)cc1Cl)NC(Cc1c[nH]c2ccccc12)C(=O)O,-4.361
Nc1nc(NO)c2[nH]cnc2n1,-5.757
CCCCN=NC(C)(C)OO,-2.927
C#CC1(OC(=O)CCCCCC)CCC2C3CCC4=CC(=O)CCC4C3CCC21C,-3.185
Cc1cc2c(c3ccc4ccccc4c13)CCCC2=O,-3.522
O=[N+]([O-])c1ccc2ccc3cc4ccccc4c4ccc1c2c34,-2.928
c1ccc2cc(OCC3CO3)ccc2c1,-2.862
OC=P(CO)(CO)CO,-3.702
Oc1ccc2cccnc2c1,-5.063
[O-][NH+](O)c1ccc(/N=N/c2ccccc2)cc1,-2.735
CCCCCC(=O)OC1(C(C)=O)CCC2C3CCC4=C(CCC(=O)C4)C3CCC21C,-3.415
Nc1ncnc2c1ncn2C1CC(O)C(CO)O1,-6.414
CN(N=O)C(=O)NC(C=O)C(O)C(O)C(O)CO,-5.991
OCCc1ccccc1,-3.839
CCCCCCCCOc1ccc(C(=O)O)cc1,-2.398
N#[N+][N-]CC(O)Cn1ncc2c(N)ncnc21,-4.762
N=C(N)c1ccc(OCCCCCOc2ccc(C(=N)N)cc2)cc1,-4.888
CCN=NC(C)(C)OO,-2.383
CC(O)CN(CC(C)O)CC(C)O,-3.675
CC1(C)C(=O)N(Cl)C(=O)N1Cl,-4.107
Cc1cc2c(c3ccc4ccccc4c13)CCC2=O,-3.362
O=CNc1nc(-c2ccc([N+](=O)[O-])cc2)cs1,-5.562
ONc1cc2ccccc2[nH]1,-5.301
O=c1c(O)c(-c2ccc(O)c(O)c2)oc2cc(O)cc(O)c12,-7.055
O=C(O)C1Cc2c([nH]c3ccccc23)C(Cc2ccccc2O)N1,-6.529
CCCCOc1cc2c(c3ccc4ccccc4c13)CCC2=O,-3.671
S=C(NC1CCCCC1)NC1CCCCC1,-3.506
Nc1ccc(Cc2ccc(NO)c(Cl)c2)cc1Cl,-4.505
O=[N+]([O-])c1ccc2c(c1)CC=C2,-2.646
C=CC(=O)O,-0.807
O=C(O)/C=C/Cl,-1.358
CCCCN(N=O)C(=N)NN(O)O,-2.972
SC(S)=N/C=C/N=C(S)S,-1.737
O[C@H]([C@H](O)[C@@H](O)CBr)[C@H](O)CBr,-5.895
N#[N+][N-]CC(O)Cn1cnc2c(N)nc(N)nc21,-4.532
[O-][NH+](O)c1ccc2c3c(cccc13)CC2,-2.569
O=[N+]([O-])c1c2ccccc2cc2ccccc12,-3.635
NCCNCCNCCNCCNCCN,-4.525
O=C(O)C(=O)C(=O)O,-1.553
OCCCc1ccccc1,-4.086
O=CC(=O)O,-1.19
[O-][NH+](O)c1ccc(/C=N/O)o1,-2.85
COc1nc(=O)n(CC(O)C[N-][N+]#N)cc1C,-3.581
O=NN(CC1(O)CCC(O)C(O)C1O)C(C(=O)O)C(=O)O,-5.876
OCC1OC(n2cnc3c2ncn2ccnc32)CC1O,-5.002
Cc1c([N+](=O)[O-])cnc2c1nc1c(C)cccn12,-4.456
OC1CCCCC1,-2.913
Oc1ccc2ccc3c4c(ccc3c2c1)C(O)C(O)C1OC41,-4.695
O=c1oc2c([N+](=O)[O-])ccc3ccc4cccc1c4c32,-3.114
O=C(CCc1ccc(O)cc1)c1c(O)cc(O)cc1O,-5.18
O=CN(O)c1ccc(-c2ccccc2)cc1,-3.369
CCOC(N)=O,-3.422
CN(N=O)C(=N)NN(O)O,-2.576
C=C1CC(=O)O1,-3.469
[O-][NH+](O)c1ccc2c(c1)Cc1cccc([NH+]([O-])O)c1-2,-2.883
CC(=O)OC1(C(C)=O)CCC2C3CC(C)=C4CC(=O)CCC4(C)C3CCC21C,-3.914
CCC(=O)O,-1.035
O=C1C(=O)C(O)C1=O,-1.996
NC(N)=S,-3.219
O=c1[nH]c(=O)[nH]c(=O)[nH]1,-5.663
O=[N+]([O-])c1ccc2c3c4c(cccc4c4ccccc4c13)C1OC21,-2.649
O=NN1CCCNC1=O,-6.085
NCCNCCO,-4.4
O=c1ccc(=O)[nH][nH]1,-3.271
O=C(O)C(O)C(O)C(=O)O,-2.844
C[C@@H](O)[C@@H](N)[C@H](O)[C@H](O)C=O,-4.979
O=C(O)/C=C/c1ccc(/C=C/C(=O)O)cc1,-1.978
OC[C@H]1O[C@@H](n2cnc3c(S)ncnc32)[C@H](O)[C@@H]1O,-5.942
NCCc1c[nH]c2ccccc12,-4.588
O=S1(=O)CC=CC1,-1.941
Oc1nc(Cl)nc(Cl)n1,-2.467
COc1cc2c(c3oc(=O)c4c(c13)C(Cl)C(Cl)C4=O)C1C=COC1O2,-2.833
CC(N)=O,-2.91
CC(C)(C)NCC(O)COc1ccc(O)cc1C1CCCC1,-4.591
CN(CCC#N)c1ccc(N=Nc2ccc3ncsc3c2)cc1,-3.933
OC1C=Cc2c(cc3ccc4cccc5ccc2c3c45)C1,-4.123
CCCCCN(N=O)C(=N)NN(O)O,-3.538
O=P(O)(NCCCO)N(CCCl)CCCl,-3.507
Nc1ccc(-c2ccc(N)c(O)c2)cc1O,-4.789
O=C=NC1CCCCC1,-3.074
NCCc1cc(O)c(O)cc1O,-5.922
Cc1cc2c(O)cccc2c2cc3c(cc12)C=CC(O)C3O,-5.257
O=C1CCc2c1cc(C(F)(F)F)c1c2ccc2ccccc21,-4.105
OC[C@H](O)CCl,-4.539
Oc1cc2c3ccccc3cc3ccc4cccc1c4c32,-3.396
Oc1cccc(Cl)c1,-4.127
O=C1C=CC(=O)O1,-3.807
COc1cc2c(c3oc(=O)c4c(c13)[C@@H](Cl)[C@@H](Cl)C4=O)[C@@H]1C=CO[C@@H]1O2,-3.381
C#CC1(O)CCC2C3CCC4=CC(=O)CCC4C3CCC21C,-4.628
N#[N+][N-]CC(O)Cn1cnc2c(Cl)nc(N)nc21,-4.354
OC/C=C/c1ccccc1,-3.448
CCCc1cc2ccccc2c2ccc3c(c12)C1OC1C(O)C3O,-4.634
CCOc1cc2c(c3ccc4ccccc4c13)CCC2=O,-3.006
CC(C)=CCC/C(C)=C/CC/C(C)=C/C(=O)OCC(=O)C1(O)CCC2C3CCC4=CC(=O)C=CC4(C)C3C(O)CC21C,-4.644
O=NN1CCC(=O)NC1=O,-6.04
NC(N)=O,-2.581
CCCCCCCCCCCCCCCCCC(N)=O,-2.134
Oc1cc(O)cc(O)c1,-3.934
CN1CCN(c2ccc3[nH]c(Cc4ccc5[nH]c(-c6ccc(N(CCCl)CCCl)cc6)nc5c4)nc3c2)CC1,-4.198
CC1CCC2(OC1)OC1CC3C4CC=C5CC(O)CCC5(C)C4CCC3(C)C1C2C,-2.748
CCCC(=O)O,-2.122
Nc1nc(=O)n(C2OC(CO)C(O)C2O)cc1O,-6.961
CCCN(N=O)C(=N)NN(O)O,-2.654
CC(=O)C1C(=O)C=C(C)OC1=O,-3.664
O=C1CC(=O)C1=O,-3.286
CCc1cc2c(c3ccc4ccccc4c13)CCC2=O,-3.312
O=CC(Cl)(Cl)Cl,-2.173
O=C1CCO1,-3.236
CN1CCN(c2ccc3[nH]c(CCCCCCc4ccc5[nH]c(-c6ccc(N(CCCl)CCCl)cc6)nc5c4)nc3c2)CC1,-3.432
CCCCCc1cc(O)cc(O)c1,-3.828
O=C(O)C(O)C(O)C(O)C(O)CO,-5.068
Cc1cc2c(c3ccc4c(c13)C1OC1C(O)C4O)CCC2,-5.039
NCCNCCNCCNCCN,-3.74
O=C(O)c1ccc(NC2OCC(O)C(O)C2O)cc1,-5.172
CC(C)NCC(O)c1ccc(O)c(O)c1,-4.76
[N-]=[N+]=NC[C@H](O)CO,-2.991
NCCCNCCCN,-4.936
ClC(Cl)=C(Cl)Cl,-1.784
Oc1ccc2cc3c4ccccc4c4ccccc4c3cc2c1,-3.517
OC1C=CC2=C(c3cccc4cccc2c34)C1O,-6.772
O=[N+]([O-])c1ccc2ccc3c4c(ccc1c24)c1ccccc1[n+]3[O-],-3.795
OC1c2ccc3c(ccc4ccccc43)c2C2OC2C1O,-4.307
C=CCNCC=C,-0.756
O=[N+]([O-])c1ccc2cc([N+](=O)[O-])c([N+](=O)[O-])cc2c1,-3.342
CC[C@@H](O)/C=C/C=C/C=C/C=C/C=O,-3.536
CCCCCC(N)=O,-2.749
CNCc1ccc(CSCCN=C(NC[C@H](O)c2ccc(O)cc2)NS(C)(=O)=O)o1,-5.76
NC(=O)CC1CO1,-4.306
NCCc1c[nH]c2ccc(O)cc12,-4.449
NC(=O)C[C@H]1CO1,-3.44
O=C(O)[C@@H](O)[C@H](O)C(=O)O,-3.712
O=C(O)[C@@H]1O[C@H](N(O)c2ccc(-c3ccccc3)cc2)[C@@H](O)[C@H](O)[C@H]1O,-5.813
O=CCC=O,-2.459
N#[N+][N-]CC(O)C(O)C(O)C(O)C=O,-5.41
C#CC1(O)CCC2C3CCc4cc(O)ccc4C3CCC21C,-4.075
O=C(O)CC=[N+]([O-])O,-2.48
CCCOc1cc2c(c3ccc4ccccc4c13)CCC2=O,-3.512
OC1c2ccccc2-c2cc3ccccc3c(Br)c2C1O,-4.386
N#[N+][N-]CC(O)C[N-][N+]#N,-2.194
Oc1ccc2ccc3c4c(ccc3c2c1)C(O)C(O)C=C4,-6.019
N=P(O)(OCCC(=O)O)N(CCCl)CCCl,-4.096
c1ccccc1,-2.163
N=C(N)NC(=O)c1nc(Cl)c(N)nc1N,-4.297
CC(C)CCCC(C)C1CCC2C3CC=C4CC(OC(=O)Cc5ccc(N(CCCl)CCCl)cc5)CCC4(C)C3CCC12C,-3.471
O=C(O)CC[N+](=O)[O-],-1.353
Oc1ccc(O)cc1,-4.053
Cc1c(NO)cnc2c1nc1c(C)cccn12,-4.173
O=C1C=CCO1,-3.704
CC(C)O,-1.722
N=P(O)(O)N(CCCl)CCCl,-4.885
CC/C(=C(/CC)c1ccc(O)cc1)c1ccc(O)cc1,-4.012
C[C@@H](Nc1[nH]cnc2nc(-c3ccc(CCl)cc3)cc1-2)c1ccccc1,-5.249
OC1c2cc3ccc4ccccc4c3cc2C2OC2C1O,-5.01
COc1cccc2c(O)c3c(O)c4c(c(O)c3c(O)c12)C(=O)CC(O)(C(C)=O)C4,-6.926
Nc1ccc(N(c2ccc3ccccc3c2)c2ccc3ccccc3c2)cc1,-2.357
O=NN1CC(Cl)C(Cl)C1,-2.58
O=NN1CCNCC1,-3.464
O=NN1CCC(Br)C(Br)C1,-2.133
C(=N/NC1=NCCN1)\c1c2ccccc2c(/C=N/NC2=NCCN2)c2ccccc12,-3.583
C[C@@H]1CN(N=O)[C@@H](C)CN1N=O,-2.565
O=NN1CCC[C@@H]1c1cccnc1,-3.638
O=c1c(O)c(-c2ccc(O)cc2)oc2cc(O)cc(O)c12,-6.382
O=NN1CCNC1=O,-5.361
O=c1cc(-c2ccc(O)cc2)oc2cc(O)cc(O)c12,-5.321
O=NN1CCC[C@H](Cl)C1,-2.407
O=C1CN(/N=C/c2ccc([NH+]([O-])O)o2)C(=O)N1,-3.199
O=C1CN(N=Cc2ccc([NH+]([O-])O)o2)C(=O)N1,-6.295
CCC[NH+]([O-])O,-1.74
CCOCOCC,-1.994
OCC#CCO,-3.01
O=NN(c1ccccc1)c1ccccc1,-2.959
O=c1cc(-c2ccccc2)cc(-c2ccccc2)n1/N=C/c1ccc([N+](=O)[O-])o1,-3.353
O=C1CNC(=O)N1,-5.833
O=C1CN(CCCN2CC(=O)NC(=O)C2)CC(=O)N1,-6.829
O=[N+]([O-])C1CCCC1,-2.278
OCCN1CC1,-3.071
C[C@@H]1CN(N=O)C[C@H](C)N1N=O,-2.336
CCCC[NH+]([O-])O,-1.406
O=c1c(O)c(-c2ccc(OCCO)c(OCCO)c2)oc2cc(OCCO)cc(O)c12,-7.1
N/C(=N\O)c1ccc(O)c(O)c1,-4.22
OC(O)C(Cl)(Cl)Cl,-1.68
[O-][NH+](O)C(Cl)(Cl)Cl,-1.717
Oc1ccc(O)c2ccccc12,-4.055
O=c1cc(-c2ccc(O)c(O)c2)oc2cc(O)cc(O)c12,-6.084
COc1cc(O)c2c(=O)c(O)c(-c3ccc(O)c(O)c3)oc2c1,-7.762
CCCCCC[N+](=O)[O-],-1.704
O=C(O)CC[NH+]([O-])O,-1.353
C=CCN(CC=C)N=O,-1.413
COc1cc(-c2oc3cc(O)cc(O)c3c(=O)c2O)ccc1O,-6.493
C=CCN=C=S,-1.231
O=C1CN(/N=C/c2ccc([N+](=O)[O-])o2)C(=O)N1,-3.284
O=c1c2c(O)cccc2oc2c3c(cc(O)c12)OC1OC=CC31,-5.087
O=[N+]([O-])C(Cl)(Cl)Cl,-1.717
Oc1cc2c(cc1O)C1c3ccc(O)c(O)c3OCC1(O)C2,-6.726
O=NN1CCCCC1,-2.137
O=C(O)c1cc(/N=N/c2ccc([NH+]([O-])O)cc2)ccc1O,-3.403
C=CC(=O)CC,-1.787
OCCN(CCO)c1ccc(N=Nc2cccnc2)cc1,-3.857
O=NN(CCCl)C(=O)NCCO,-3.401
CN(C)CCCN=c1c2ccccc2[nH]c2c(N(CCO)CCO)ccc([N+](=O)[O-])c12,-4.814
NC(CCC(=O)N(CC(=O)O)C(=O)C(N)CSN=O)C(=O)O,-4.299
CN1[C@@H]2CC(OC(=O)[C@@H](CO)c3ccccc3)C[C@H]1[C@H]1O[C@H]12,-5.68
CC(C)(Cl)[NH+]([O-])O,-1.584
CCC[N+](=O)[O-],-1.722
S=C1SSC2=NCCN12,-4.98
CCC/C=C(\C=O)CC,-2.686
C=CCSSCCC,-1.937
C=CC(=O)NCNC(=O)C=C,-0.649
O=c1oc2cccc3ccc4c5ccccc5cc1c4c32,-3.348
CC1=CC2OC3C(O)C(O)C(C)(C34CO4)C2(CO)C(O)C1=O,-5.6
NC(CCC(O)=NC(CSc1ccc([N+](=O)[O-])cc1[N+](=O)[O-])C(O)=NCC(=O)O)C(=O)O,-3.527
CC(C)=CCc1ccc(O)c2c(=O)c3c(O)c4c(cc3oc12)OC1OC=CC41O,-4.839
C=CC=O,-1.062
Oc1ccc(Cl)cc1Cc1ccccc1,-4.658
CCCN(C(=N)N=NO)[N+](=O)[O-],-3.463
O=[N+]([O-])c1cc(NS(=O)(=O)c2cccc3cccnc23)ccc1Cl,-2.553
O=c1c2c(O)cc(O)cc2oc2c(O)ccc(O)c12,-5.81
CC(C)(O)C#N,-2.558
O=C(O)c1ccc(N=Nc2ccc(O)c(C(=O)O)c2)cc1,-5.195
O=C(O)C=C(C(Cl)Cl)C(Cl)Cl,-2.287
C[NH+]([O-])O,-1.042
COc1ccc(O)c(C(C)(C)C)c1,-4.213
Oc1ccc(Cl)cc1Sc1cc(Cl)ccc1O,-4.751
[O-][NH+](O)c1c2ccccc2c2ccc3cccc4ccc1c2c43,-2.947
O=c1c(O)c(-c2ccccc2)oc2cc(O)cc(O)c12,-5.602
C=COC,-0.909
O=C(O)Cc1ccc(O)c(O)c1,-5.795
O=C1c2c(O)ccc(O)c2C(=O)c2c(NCCO)ccc(NCCO)c21,-6.275
C[C@H]1CN(N=O)C(=O)NC1=O,-5.961
CC(C)(C#N)N=NC(C)(C)C#N,-2.235
COc1cc(O)c2c(c1)C1=CC(O)C(O)CC1(C)OC2=O,-5.587
CC(C(=O)O)N(CC1(O)CCC(O)C(O)C1O)N=O,-5.723
CCN=C=S,-1.208
CCC#N,-2.199
C=CC(C)C#N,-1.445
CC(Cl)(Cl)[NH+]([O-])O,-1.669
O=S1(=O)OC2(c3ccccc31)c1cc(Br)c(O)c(Br)c1Oc1c2cc(Br)c(O)c1Br,-1.953
O=C(O)C1(O)CC(O)C(O)C(O)C1,-4.668
CC(C)(C#N)C(C)(C)C#N,-1.695
C=CCCCC,-1.211
C=C(C=O)CC,-1.377
[O-][NH+](O)c1ccc(N(CCO)CCO)c(O)c1,-5.176
NNc1nc(-c2ccc([N+](=O)[O-])cc2)cs1,-5.67
CCc1c(O)ccc2c3c([nH]c12)C(CC)(CC(=O)O)OCC3,-5.706
CCc1c(O)ccc2c3c([nH]c12)[C@](CC)(CC(=O)O)OCC3,-5.328
C=CC=C,-0.476
COCOC,-2.331
CCCCCCCCCCCCCCCCCCCC,-1.611
C=C1CCC2C(c3c(C)c(O)c4c(c31)C(=O)C(C)C4)C2(C)C,-3.582
CC(C)(C)[N+](=O)[O-],-1.389
O=c1cc(CO)occ1O,-4.144
COO,-1.427
ONc1[nH]cnc2ncnc1-2,-4.829
C=C1C[C@]23C[C@@]1(O)CC[C@@H]2[C@@]12C=C[C@H](O)[C@@](C)(C(=O)O1)[C@H]2[C@@H]3C(=O)O,-4.359
[O-][NH+](O)c1c(O)ccc2ccccc12,-4.603
C=CCN(CC=C)CC=C,1.278
OC1C2(Cl)C3(Cl)C4(Cl)C(Cl)(Cl)C5(Cl)C3(Cl)C1(Cl)C5(Cl)C24Cl,-2.329
CCCCCCOC(=O)c1ccccc1C(=O)OCCCCCC,-3.182
C=CC,-1.616
O=C(O)C(Cl)Cl,-1.551
NNc1nc(-c2ccc(N)cc2)cs1,-4.168
C=CC(C)=O,-1.509
C=CCl,-1.154
O=C1CN(/N=C/C=C/c2ccc([N+](=O)[O-])o2)C(=O)N1,-3.512
CCC[CH-][N+](=O)[O-],-1.418
CC(C)(c1ccc(OCC(O)CO)cc1)c1ccc(OCC(O)CO)cc1,-5.154
SCCc1cnccn1,-4.231
O=[N+]([O-])c1cc(Cl)cc(Sc2cc(Cl)cc([N+](=O)[O-])c2O)c1O,-2.294
C=CC#N,-2.175
CCN(C=O)N=O,-2.52
N/C(=N\OC1OC(C(=O)O)C(O)C(O)C1O)c1ccccc1,-4.97
CCCSC(=O)Cl,-2.703
O=CCO,-2.898
CC1OCC(=O)C(=O)C1O,-3.538
OP1(N(CCCl)CCCl)=NCCCO1,-4.99
Oc1cc2c(cc1O)[C@H]1c3ccc(O)c(O)c3OC[C@]1(O)C2,-5.792
Oc1cc(O)c2cc(O)c(-c3cc(O)c(O)c(O)c3)[o+]c2c1,-6.881
O=C1C(=O)C(c2ccc(O)c(O)c2)Oc2cc(O)cc(O)c21,-5.15
O=C(O)C1(O)C[C@@H](O)C(O)[C@@H](O)C1,-5.489
CC1(C)SC2C(NC(=O)Cc3ccccc3)C(=O)N2C1C(=O)O,-3.349
C=CC(=C)Cl,-1.446
COc1cc(CCC(C)=O)ccc1O,-5.42
CC(=O)C(Cl)Cl,-2.187
O=C[C@H]1CO1,-3.335
CCCCCCCCOC(=O)c1ccccc1C(=O)OCCCCCCCC,-2.255
CNC(=O)CC(N)C(=O)NC(C(=O)NC1C(=O)N2C1SC(C)(C)C2C(=O)O)c1ccc(O)cc1,-6.671
O=[N+]([O-])CCl,-0.793
O=C(O)C(Cl)=C(C(Cl)Cl)C(Cl)Cl,-2.571
O=C1N[C@@H](c2ccc([N+](=O)[O-])s2)Nc2ccccc21,-7.054
CC1(C)S[C@@H]2[C@@H](NC(=O)Cc3ccccc3)C(=O)N2[C@H]1C(=O)O,-4.085
Nc1ccn(C2OC(COP(=O)(O)O)C(O)C2O)c(=O)n1,-5.426
O=NN(c1ccc([N+](=O)[O-])cc1)[C@@H]1OC[C@H](O)[C@@H](O)[C@H]1O,-5.576
O=[N+]([O-])c1ccc2c3c1ccc1cccc(c13)C1OC21,-2.826
C=CS(C)(=O)=O,-1.749
C=CCCCCCC,-1.246
C[CH-][N+](=O)[O-],-0.609
C=C(Br)C(=O)O,-1.767
C=CCCCCCCCCCCCCC,-0.252
C=CCCCCCCCCCCCC,-0.116
C=CCCCCCCCC,0.337
C=CCCCCCCCCCCC,-0.072
O=C1OC(O)C(C(Br)Br)=C1Cl,-3.773
C=CCCCCCCCCC,-0.095
O=CNc1nc(-c2ccc([N+](=O)[O-])o2)cs1,-3.956
CCOCC,-2.391
C=CCCl,-1.126
COc1cc(OC)c2c(=O)c3c(O)ccc(OC)c3oc2c1,-3.428
Oc1ccc(Cl)cc1Cl,-4.818
C/C=N/N(C)C=O,-2.228
c1ccoc1,-2.005
O=[N+]([O-])c1c2c3c(ccc4cccc(c43)CC2)c2ccccc12,-3.209
CC1=C(O)C(=O)CO1,-3.392
C=CBr,-1.698
CCC=O,-1.096
O=c1ccn(C2CC(O)C(CO)O2)c(=O)[nH]1,-5.271
O=C1c2c(O)ccc3c2C(c2ccc(O)c4c2C3C2OC2C4=O)C2OC12,-3.579
C#C[C@@]1(O)CC[C@H]2[C@@H]3CCC4=CC(=O)CC[C@@H]4[C@H]3CC[C@@]21CC,-3.784
O=C(Cl)C(Cl)Cl,-2.188
O=C1OC(O)C(Cl)=C1Cl,-3.218
COc1cc(C(C)=O)ccc1O,-5.822
CCCCN(CC(=O)CC)N=O,-2.474
Cl/C=C\Cl,-1.684
O=C(O)/C(Cl)=C(\C(=O)O)C(Cl)Cl,-2.216
CC1=C(Cl)C(=O)OC1O,-3.998
O=C/C(=C(/Cl)C(=O)O)C(Cl)Cl,-2.637
CC(C)(Cl)[N+](=O)[O-],-1.584
O=C(Cn1ccnc1[N+](=O)[O-])NCc1ccccc1,-3.537
Cc1ccc(C(O)(P(=O)(O)O)P(=O)(O)O)cc1N(CCCl)CCCl,-3.811
[O-][NH+](O)c1ccc(Cl)c(Cl)c1,-2.79
O=C(O)CC(=O)O,-1.834
CC(=O)OCCC(C=O)c1c(O)cc2c(c1O)C(=O)c1c(O)cc(O)cc1C2=O,-4.638
CC(CO[N+](=O)[O-])(CO[N+](=O)[O-])CO[N+](=O)[O-],-1.391
CCCCCCCCCCC,-0.323
CBr,-1.436
C=C(Cl)C=O,-1.739
N#[N+][N-]CC(=O)O,-1.125
CN(C)[C@H]1C(=O)C(C(N)=O)=C(O)[C@]2(O)C(O)=C3C(=O)c4c(O)cccc4[C@](C)(O)[C@H]3[C@@H](O)[C@@H]12,-2.356
[O-][NH+](O)C([NH+]([O-])O)([NH+]([O-])O)[NH+]([O-])O,-1.578
[N-]=[N+]=CC(=O)NCC(=O)NN,-2.721
O=[N+]([O-])C(Br)(Br)Br,-2.01
CC(Cl)(Cl)[N+](=O)[O-],-1.669
CCCCC#N,-1.889
O=C1NCCN1c1ncc([N+](=O)[O-])s1,-4.074
CCN1CCN=N1,-1.87
C1CO1,-0.963
OCCN1CCNCC1,-3.437
Oc1ccc(O)c(O)c1,-6.668
CCCCCCCCCC,-2.003
CN(C=O)N=O,-2.287
Oc1ccc2ccc3c4ccccc4cc4ccc1c2c43,-3.929
[O-][n+]1cccc2c1C=CC1OC21,-5.602
NC(Cc1ccc(O)c(O)c1)C(=O)O,-5.435
C=C(C)OC(C)=O,-2.286
O=C1C=C[C@]2(O)c3c(ccc(O)c31)-c1ccc(O)c3c1[C@H]2[C@H]1O[C@H]1C3=O,-5.274
COc1cc(-c2nc(-c3ccccc3)c(-c3ccccc3)[nH]2)ccc1O,-5.095
