Smiles,dock_score
CC(C)c1ccc(OCC(=O)NCC2(N3CCOCC3)CCCCC2)cc1,-7.05087891609626
CCCNC(=O)NC1CCN(c2nc(C3CCCC3)[nH+]c3c2CCOCC3)CC1,-6.00805234192036
Cc1noc([C@H]2CCN(C(=O)C3CCCCC3)C[C@H]2NC(=O)C2CC2)n1,-6.14332241969425
Cn1nc(-c2ccc(C(=O)Nc3ccc(C(=O)N4CCCCC4)cc3)cc2)c2ccccc2c1=O,-5.14539854476778
CCC[C@@H](O)c1nc2ccccc2n1Cc1ccc(F)cc1,-7.41291479942208
CC(C)NC(=O)N1CC[C@H](Cc2noc(C3CCOCC3)n2)C1,-7.47006936059417
C[NH+]1CCN(c2ccc(CNC(=O)Nc3cccc(Cl)c3)cc2)CC1,-8.86771625140345
COc1ccc([C@H]2CCC[N@@H+]2Cc2ccc(O)c(OC)c2)cc1,-8.29715888069291
CCN1c2cc(C(=O)NC3CCN(Cc4ccccc4)CC3)ccc2C(=O)N2CCCC[C@H]21,-7.17387237285651
CCCNC(=O)c1ccc(-c2ccc(N3CCCC3)nn2)cc1,-5.8802091201444
O=C1CCCc2c1cc(C(=O)NCCC1=CCCCC1)c(=O)n2-c1ccc(F)cc1,-6.42034377426358
CC(=O)Nc1ccc(Oc2ccc(-c3noc(-c4ccc(F)c(F)c4)n3)cc2)cc1,-8.80745233847548
O=C(Cc1cccnc1)N1CCC(F)(C(=O)NCc2ccncc2)CC1,-7.03291552182547
O=C(Nc1ccc(N2CCN(C(=O)C3CCCC3)CC2)c(C(=O)NCc2ccc(F)cc2)c1)c1cccs1,-2.78995455775292
CCN1CC[NH+](C2(CNC(=O)c3ccc(F)cc3)CCCCC2)CC1,-5.54326695238916
Cc1ncsc1CN1CCOc2ccc(C(=O)NCc3ccccc3F)cc2C1,-7.55492126434045
Cc1ccccc1[C@H]1CN(C(=O)C(C)C)C[C@@H]1C(=O)NCCC(C)C,-8.10396108202202
Cc1ccc(C[N@H+]2CCc3c(cc(C(=O)NC(C)(C)C)n3C)C2)cc1,-8.06864275680707
NC(=O)[C@@H]1C[C@H](Oc2ccccc2)C[N@@H+]1Cc1ccccc1,-7.53384582735589
O=C(NCc1ccccc1)c1ccc2c(c1)C[N@@H+](CC1CC1)CCO2,-8.12191161716455
O=C([C@@H]1CCOC1)N1CCC2(CC1)[NH2+]CCc1c2[nH]c2ccccc12,-9.5467673960665
COC(=O)c1c(C)[nH]c(C(=O)N2CCC(CC(=O)N3CCN(c4ccccc4)CC3)CC2)c1C,-6.500810785311
O=C(NCc1cc(F)cc(F)c1)c1csc(N2CCN(c3ccc(F)cc3)CC2)n1,-8.65315113989951
Cc1cc(NC(=O)c2ccc(C(C)(C)C)cc2)nn1-c1cccc(Cl)c1,-7.90806691642301
Cc1cccc(Cn2c(SCc3ccc(C(=O)NC4CCCC4)cc3)nc3cccnc32)c1,-6.75267343739129
Cc1cc(Cl)ccc1NC(=O)N1CCC[N@H+]([C@H]2CCN(CC3CC3)C2=O)CC1,-7.65925619456274
CC(C)[C@@H](C)N(Cc1cc(NC(=O)C2CC2)ccc1N(C)C)C(=O)NC(C)(C)C,-4.03281307998152
Cc1ccccc1Cn1c(SCc2ccc(C(=O)Nc3cccc(C)c3C)cc2)nc2ccncc21,-11.0624750445578
Cc1ccc(-n2cc(C3=CCN(CC(=O)Nc4cc(C)cc(C)c4)CC3)cn2)cc1,-7.00986264415625
Cc1ccc(-c2cc(C(=O)N3CCC4(CC[C@@H]4O)CC3)[nH]n2)cc1C,-8.06359962780721
CC(C)CCSc1nc(N)c2c3c(sc2n1)CCC[C@@H]3C,-6.82923765847312
Cc1cc(C)c(NC(=O)CCC2CCCCC2)c(C)c1,-5.97245138295514
Cc1ccc(C(=O)N2CC[C@]3(CO)C[N@@H+](Cc4ccccc4)C[C@@H]3C2)s1,-7.0096886379134
O=C(Nc1ccc(NC(=O)N2CCC[C@@H](C(=O)NCC3CC3)C2)cc1)NC1CCCC1,-7.22042592956417
CC(=O)c1cccc(NC(=O)[C@H](C)C2CCN(C(=O)c3cn(-c4ccccc4)nc3C)CC2)c1,-9.21254025470127
C[NH+]1CCN(CCCNC(=O)c2cc3c(s2)-c2ccsc2CC3)CC1,-9.13697964011193
Cc1ccc([C@H](CNC(=O)COc2ccccc2C)N2CC[NH+](C)CC2)o1,-7.99167722457297
COC[C@@H]1C[N@@H+](Cc2ccc(C)c(C)c2)C[C@H]1C(=O)NC1CC1,-7.78502441641929
CC(C)CCNC(=O)c1ccc2c(=O)n(CCCN3CCCC3=O)c(=S)[nH]c2c1,-6.97213898166433
CC(C)(C)C(=O)N1CCC[C@H](C(=O)NC2CCCCCCC2)C1,-7.27244844351919
CCn1nccc1[C@@H]1CCCN1C(=O)Nc1cc(C)cc(C)c1,-6.51018435650574
O=C(NC1CC1)c1ccc(CC2CCN(C(=O)c3ccc4ccccc4n3)CC2)cc1,-7.19346856533377
CCN1CCSc2ccc(C(=O)NC3CC3)cc21,-6.34770502945192
O=C(c1cn[nH]c1)N1CCC[C@H](CCc2noc(-c3ccc(F)cc3)n2)C1,-8.659048369748
O=C(c1ccn[nH]1)N1CCC2(CC1)C[C@@H](CCOc1cc[nH+]cc1)CCO2,-6.70023992958687
Cc1ccc(C(=O)N2CCC(Cc3ccc(C(=O)NC4CC4)cc3)CC2)cn1,-7.91724563945261
COc1ccccc1N1CC[NH+]([C@H](C)C(=O)NCC[NH+](C)C)CC1,-6.85595637779158
CCNC(=O)N1CCC([N@@H+]2CC3(CCCCC3)[C@H]2c2ccncc2)CC1,-7.31194906583674
CNC(=O)[C@H]1CN(C(=O)CCCc2ccccc2)C[C@@H]1NC(C)=O,-8.31300088511453
CC(C)CC(=O)NC1CCN(c2ccccc2C(=O)N2CC[NH+](C)CC2)CC1,-6.72088614534366
Cc1ccc(CNC(=O)C2CCN(C(=O)c3cc(-c4ccncc4)[nH]n3)CC2)o1,-7.38923398669228
CCC(=O)Nc1ccc(C2(C(=O)N3CCC(C)CC3)CCCCC2)cc1,-5.51399022247984
CC1CCN(c2ccc(CNC(=O)[C@@H]3OCCN(C4CC4)[C@H]3c3ccccc3)cc2)CC1,-8.15127560109074
O=C(CSC1=Nc2ccccc2N=C(c2ccc(Cl)cc2)C1)NCCC1=CCCCC1,-9.35120885948003
COCCc1nnc2n1CCC1(CC2)CCN(C(=O)NCCC(C)C)CC1,-7.47616367616768
O=C(NC1CCN(c2ccccc2C(=O)N2CC[NH+](C3CCCC3)CC2)CC1)c1cccc(F)c1,-6.55349050608936
CCn1ccc(C(=O)N2CCC(F)(C(=O)NC3CC3)CC2)n1,-5.58266723500022
COCc1nc(CCNC(=O)C2CCCC2)no1,-6.17429126810147
O=c1c(Nc2ccc(Cl)cc2)c(-c2ccc3c(c2)CCCC3)c1=O,-9.00229084030651
COc1ccccc1NC(=O)c1cnc(N2CCCC2)nc1C,-6.714040283977
Cc1cc(C(=O)N[C@@H](C)CCc2ccccc2)c2cnn(C(C)C)c2n1,-7.53583637645867
O=C(NCC[NH+]1CCCCC1)C1CCN(c2ccc(-c3cccc(F)c3)nn2)CC1,-9.83142890736422
O=C(NC1CCCC1)C1CCN(C(=O)[C@H]2CC(=O)N(c3ccccc3)C2)CC1,-8.14156858722071
O=C([O-])[C@@H]1C[N@H+](Cc2ccccc2)C[C@@H]1C(=O)NCc1ccc(F)cc1,-7.84439782571111
Cc1cccc([NH+]2CCN(C(=O)c3csc(C(=O)NC4CC4)n3)CC2)c1C,-9.03414742532678
O=C(NCc1ccc(-c2ncc(-c3ccc(F)cc3)[nH]2)cc1)C1=Cc2cc(Cl)ccc2OC1,-9.67458669542524
O=C(NCc1ccc(F)cc1F)C1CCN(c2cncnc2N2CCCCC2)CC1,-8.21944313667755
CCCCCNC(=O)c1ccc2c(c1)NC(=O)CS2,-6.21442040660166
CCNC(=O)N1CCCC[C@@H]1c1nc(CCOCC2CC2)no1,-8.41458379138285
O=C(C[C@H]1COc2cc(F)ccc2N1Cc1ccccc1)NCCC[NH+]1CCCCC1,-8.65493032393388
COc1ccc(-c2noc(CCCC(=O)NC(C)(C)C)n2)cc1,-7.02662558905659
Cc1noc(C)c1CC(=O)NCCN(C(=O)N(C)C)C1CCOCC1,-8.03059263130146
CC(C)(C)C(=O)Nc1ccc(N2CCCN(C(=O)c3cccc(Br)c3)CC2)nc1,-6.38344442841289
Cc1cccc(-c2cc(Nc3ccc(C(=O)Nc4cc(F)cc(F)c4)cc3)ncn2)c1,-8.50216106877004
O=C(Cn1c(=O)cc(C(=O)N2CCCCC2)c2ccccc21)NC1CCCC1,-5.2980337842395
O=C(Nc1ccc(F)cc1F)N1CC[NH+](Cc2nc3ccc(Cl)cc3o2)CC1,-8.51002897673061
CCCNC(=O)N1CCC(c2nc(C3CCOCC3)no2)CC1,-7.41634346190583
O=C(CCc1ccc(CC2CCN(C(=O)Nc3ccccc3F)CC2)cc1)NCC1CC1,-9.6500050004308
CCNC(=O)N1CCC([N@H+]2C[C@@H](OCC3CC3)C23CCCCC3)CC1,-6.90090060795984
O=C(CCc1nc2ccccc2[nH]1)N1CCC2(CC[C@@H]2O)CC1,-7.36769190049331
O=C(CC1CCCC1)N1CCC(N2C(=O)[C@H](O)C23CCCCC3)CC1,-8.50194612414187
O=C(NC1CCCC1)[C@@H]1CCc2sc(C(=O)N3CCCC3)cc2C1,-7.73958485007471
C[C@H](NC(=O)C1CCC1)C(=O)N1CCN(c2ccccn2)CC1,-6.11963758220434
O=C(Nc1ccc(-c2nnc3n2CCCC3)cc1)C1CCC1,-7.05248769705385
OC1(C[NH+]2CCCC2)CCC2(CC[NH2+]CC2)CC1,-6.26973524189319
Cc1ccc(-c2nc(C[S@@](=O)CC(=O)NCCC3=CCCCC3)c(C)o2)cc1,-8.48517436168232
CC(C)CNC(=O)[C@@H]1Cc2[nH]cnc2C2(CCN(Cc3cc(F)cc(F)c3)CC2)[NH2+]1,-6.77920527694082
Cc1ncc(CO)c(C2CCN(C(=O)CCC3CCCC3)CC2)n1,-7.6501509612039
CC(=O)N[C@H]1C[C@H]2CN(C(=O)c3cc(C)n(C)n3)[C@@H](CC(C)C)C(=O)N2C1,-6.26181123928479
Cc1ccc(C(=O)N2CCC(CC(=O)NCC[N@H+](C)C3CCCCC3)CC2)cc1,-9.61981670427151
COCCNC(=O)[C@@H](NC(=O)c1ccc(F)cc1)C1CCN(C(=O)NC(C)(C)C)CC1,-7.47677207910525
CC[C@H](C)[N@@H+](CCNC(=O)C1CCN(C(=O)c2cc3sccc3n2C)CC1)C1CCCCC1,-7.01099655234518
O=C(NC[C@H]1C[C@H]2C=C[C@@H]1C2)[C@@H]1CCCN(c2ncccn2)C1,-7.34608529695812
CCC(CC)C(=O)NCc1csc(-c2ccccc2)n1,-7.52528637845603
Cc1noc([C@@H]2CN(C(=O)CCc3ccccc3)C[C@H]2CO)n1,-9.14340336333488
O=C(CCc1ccc(CC2CCN(C(=O)c3ccsc3)CC2)cc1)NC1CC1,-8.03471900418613
COCCN1C(=O)CC[C@@H](C(=O)NCc2ccc(OC(F)(F)F)cc2)[C@H]1C,-7.61794083803208
O=C(N1CCC2(CC[C@@H]2O)CC1)C1(c2ccccc2)CC1,-6.86909460561252
Cc1noc(C)c1[C@@H]1CCCN1C(=O)NC1CCCCC1,-6.29785534210957
CNC(=O)CCc1ccc(CC2CCN(C(=O)c3ccoc3)CC2)cc1,-8.25408650959207
O=C(NCCN1CC[C@@H](N2CCOCC2)C1=O)c1cc(F)ccc1F,-8.17742687641689
CN(C)c1ccc(NC(=O)C2CCCC2)cc1CN(C(=O)C(C)(C)C)C1CCCCC1,-6.33429719299495
CC(C)(C)c1ccc([C@H](CC(=O)[O-])NC(=O)CSc2ccccc2)cc1,-7.27485367453489
CC(C)(Oc1ccc(Br)cc1)C(=O)[O-],-5.1053654719402
COc1ccc(NC(=O)c2ccc3c(SCC(=O)[O-])c4c(nc3c2)CCCC4)cc1Cl,-7.54499399465009
COc1ccc(OC)c(-c2c[nH]c(-c3ccc(CNC(=O)c4ccc(C(F)(F)F)c(F)c4)cc3)n2)c1,-8.52071246956156
C[C@H]1CCc2c(sc3c2CSC(C(=O)NCCN2CCN(c4cccc(Cl)c4)CC2)=C3)C1,-8.69123495111741
CCCCNc1c(C(=O)OC)c(=O)[nH]c2c(Cl)cccc12,-6.62205384150914
CC(C)CCNC(=O)[C@H]1c2c(n(C)c3ccccc23)SCC(=O)N1Cc1ccc(Cl)cc1,-6.84333798649075
O=C(NCCC[NH+]1CCOCC1)NC1(c2ccccc2)CC1,-7.59782382057066
COCCN1C(=O)CC[C@@H](C(=O)NCCCc2ccccc2)[C@H]1C,-6.49717488158114
O=C(NCC[N@H+](C1CCOCC1)C1CCN(C(=O)C2CC2)CC1)c1ncccc1F,-7.06631162232083
O=C(O)C[C@@H]1CCCCN(Cc2ccccc2)C1=O,-6.79656489427654
Cc1ccccc1CNC(=O)c1cccc(CN2C(=O)[C@H]3CCCN3C(=O)c3ccccc32)c1,-9.112145951209
O=C(Nc1ccccc1)N(CC[NH+]1CCCCC1)C1CCOCC1,-5.68261210033193
CCCCNC(=O)c1ccc2c(c1)c(C)c(C)n2C,-7.20732197249882
Cc1cnn(Cc2nc(-c3ccc(NC(=O)c4ccc(F)cc4F)cc3)oc2C)c1,-8.60522850476635
CC[NH+]1CCN(CCNC(=O)c2cccc3c2CCN3C(=O)Nc2ccc(C)cc2)CC1,-8.13282725914841
CNC(=O)N1CCC([C@H]2CCN(C(=O)CCc3ccc(OC)cc3)C2)CC1,-7.91939027929455
Cc1cccc(-c2cc(N3CCN(C(=O)NC4CCCCC4)CC3)ncn2)c1,-8.21750541902311
O=C(NCc1cccc(Br)c1)c1ccc2c(c1)CCN2C(=O)C1CC1,-8.72415291969197
C[C@@]1(O)CCN(Cc2ccccc2F)C[C@H]1[NH+]1CCCC1,-6.55716422230902
CCCOc1nc2ccccc2nc1N1CCC[C@H](C(=O)NC2CC2)C1,-6.73165422130028
Cn1nc(C(=O)Nc2cccc(F)c2)c2c1CCN(C(=O)CCC(=O)NC1CCCCC1)C2,-9.99704294753669
Cc1cc(C(=O)N2CCC3(CC2)C[C@H]3NC(=O)c2ccncc2)no1,-7.41967177760209
O=C(NC[C@@H]1CCCO1)c1ccc2nc(-c3ccc(F)cc3)c(-c3ccc(F)cc3)nc2c1,-7.72883032871855
O=C(Nc1cccc(Br)c1)[C@H]1[C@H]2[C@H]3CC[C@H](C3)[C@@H]12,-6.65554683731848
Cc1ccc(CNC(=O)N2CCC[C@H](c3nc(CCOCC4CCCC4)no3)C2)cc1,-9.78530619009183
CC(C)CCS(=O)(=O)c1ccccc1C(=O)NC(C)(C)C,-6.47539572035455
CCN1CCN(c2ncnc(-c3cc(C)cc(C)c3)c2N)CC1,-5.98315338275228
O=C1CCN(C(=O)C2CCN(C(=O)CC3CCCC3)CC2)CCCCCCN1,-7.49875158340112
Cc1cnc(-c2cccnc2)n1C1CCN(C(=O)NC2CCCCC2)CC1,-8.19065142948504
Cc1cc(C)cc(C[C@@H](C(=O)[O-])[C@@H](C)C(=O)Nc2cccc(C(F)(F)F)c2)c1,-8.67997592406274
COCCN1CCN2C(=O)[C@H](C)N(C(=O)c3cc(C4CC4)[nH]n3)C[C@H]2C1=O,-5.66375905635826
Cc1ccc(N2CC[C@H](NC(=O)Nc3ccc(C)cc3C)C2=O)cc1,-9.01425641828739
O=C1CCN(C(=O)C2CCOCC2)CCC[C@H](C(=O)NCc2ccccc2)CCN1,-5.91988479666221
COc1ccc(C2(C(=O)NCCN(C(=O)C3CC3)C3CCOCC3)CC2)cc1,-8.28459175851423
COCCC1(C(N)=O)CCN(C(=O)Cc2ccncc2)CC1,-7.27794629753262
O=S1(=O)C[C@H](NC2CC2)[C@@H](S(=O)(=O)c2ccc(Cl)cc2)C1,-4.55438444717426
O=C(c1cccc2[nH]ccc12)N1CC(Oc2cccc(-c3nc(-c4ccccc4)no3)c2)C1,-4.89233996524154
CC(=O)N1CCC(C[N@@H+]2CCn3cc(C(=O)NCc4ccccc4)nc3[C@@H]2c2ccccc2)CC1,-7.551442212589
Cc1ccc(NC(=O)NCc2c(C)nn(C)c2C)cc1C,-5.59422125283054
C[NH+](C)[C@@H]1CCN(CCNC(=O)c2cc(F)ccc2F)C1=O,-9.34472965564696
O=C(NCc1ccccc1)c1ccc(Cl)cc1F,-7.3961031560972
COc1ccc(NC(=O)Nc2cccc(-c3nccnc3N3CCCC3)c2)c(C)c1,-7.44004170641291
O=C(Nc1ccc(F)cc1)c1ccc(Nc2ccnc(-c3cccc(F)c3)n2)cc1,-9.44892501816793
O=C(NC1CCCCC1)c1ccc2c(=O)[n-]c3c(-c4cccc(C(F)(F)F)c4)nnn3c2c1,-6.95190335834954
CCNC(=O)N1C[C@@H](C(=O)N2CC[NH+](C)CC2)[C@H](c2cccc(C(F)(F)F)c2)C1,-8.76073137086181
CC(C)NC(=O)[C@@H]1CC2(CN(C(=O)C3(c4ccccc4)CC3)C2)C[N@H+]1C,-7.8038931414385
Cc1ccc(OCC(=O)Nc2nc3c(s2)C[C@@H](C)CC3)cc1C,-6.96323853875043
Cc1cc(NC(=O)CN2C(=O)[C@H]3[C@H]4C=C[C@H](C4)[C@H]3C2=O)ccc1Br,-6.59355095705086
Cc1cnc(C2CC2)n1CCC1CCN(C(=O)CCc2c[nH]c3ccccc23)CC1,-6.78010143958876
CN1C(=O)Cc2ccccc2[C@H]1C(=O)NC1CCCC1,-7.27108923461096
O=C(N[C@@H]1CC12CCN(C(=O)C[NH+]1CCCCCC1)CC2)c1ccncc1,-6.73766480175576
C[C@H]1CCCN(c2nc(C(=O)NC3CC3)cs2)C1,-4.80523723559028
O=C(Nc1ccc(N2CC[NH+](CC(=O)N3CCCCC3)CC2)cc1C(=O)[O-])c1ccccc1F,-5.2898814438565
C[NH+]1CCN([C@H]2CCN(CCNC(=O)c3ccco3)C2=O)CC1,-6.33854836622733
CC(C)(C)c1ccc(Cn2c(C(N)=O)cc3cc(NC(=O)COc4ccc(Cl)cc4)ccc32)cc1,-7.78117397079002
Cc1ccc([C@H]2CC(=O)NC(NC(=O)c3ccc(C(C)(C)C)cc3)=N2)cc1,-8.15913495946856
C[NH+](C)CCCNC(=O)C(=O)NCc1n[nH]c(=O)c2ccccc12,-7.84852219407926
CC(=O)Nc1cc(C(=O)NCCC[NH+]2CCC(C)CC2)ccc1S(=O)(=O)c1ccc(Cl)cc1,-9.03832281270698
CC(C)CCNC(=O)N1CCC2(CC1)C[N@H+](C(C)C)[C@@H]2c1ccccc1,-6.09805024792297
CCCOc1ccccc1C(=O)NC[C@@H](c1ccc(Cl)cc1)N1CC[NH+](C)CC1,-5.35442668370056
CC1=C(C(=O)Nc2ccc(C(C)C)cc2)C2(CCCCC2)OC1=O,-6.93819548001362
O=C(NC1CCCCC1)N1CCC(F)(C(=O)N2CCCC2)CC1,-7.37845699838306
CC1=C(C(=O)OCC2CCCCC2)[C@@H](c2cccc(F)c2F)CC(=O)N1,-7.66374269358132
CCC(=O)Nc1nc2ccc(CC(=O)N[C@@H](C)CCc3ccccc3)cc2s1,-8.87254243592954
COCC[C@]1(C(N)=O)CCCN(C(=O)CCn2nc(C)cc2C)C1,-6.48346853596534
CN1C(=O)CC[C@@]2(CNC(=O)CCc3nc(-c4ccccc4)no3)CCC=C12,-10.0661270747844
CCN1CCOC(=O)[C@@H]1CC(=O)Nc1ccc(Cl)c(C(F)(F)F)c1,-8.51066623734321
Cc1noc([C@@H]2C[N@H+](Cc3ccc(F)c(Cl)c3)C[C@H]2CO)n1,-7.24208330955733
Cc1cc2c(s1)CCc1cc(C(=O)NCCN3CCOCC3)sc1-2,-7.97780805084017
Cc1cnn(CCC(=O)N[C@@H]2C[N@H+](C)C[C@H]2C[NH+](C)C)c1,-6.66137066312634
O=C(c1cc(-c2ccc(Cl)cc2)[nH]n1)N1CC[NH+](CCc2ccncc2)CC1,-6.49520333402097
CC(=O)N[C@@H]1CN(C(=O)CCc2[nH]c3ccccc3[nH+]2)C[C@H]1CO,-5.59758934638566
O=C(CCc1nnn2c1CN(C(=O)NCCc1ccccc1)CC2)NC1CC1,-7.62267183630054
O=C(CCc1nnn2c1CN(C(=O)NCc1ccccc1)CC2)NC1CC1,-7.53319310595282
Cn1nc(C(=O)N2CCCC2)c2c1CCN(C(=O)CCC(=O)NCc1ccc(F)cc1)C2,-8.58814382923064
Cn1nc(C(=O)N2CCCC2)c2c1CCN(C(=O)CCC(=O)NCc1ccccc1F)C2,-8.43972051703596
Cc1[nH+]n(Cc2nc(-c3ccc(NC(=O)c4cc(F)cc(F)c4)cc3)oc2C)c(C)c1C,-6.54831785651335
O=C(CN1CCN(Cc2ccc(F)cc2)C(=O)C1=O)NCCC1=CCCCC1,-8.396045467425
O=C(CC[C@@H]1NC(=O)N(Cc2ccc3c(c2)OCO3)C1=O)NCCC1=CCCCC1,-10.9724358069767
O=C(CN1N=C(c2ccc(Cl)cc2)CCC1=O)NCCC1=CCCCC1,-8.29321643925043
O=C(CN1C(=O)CN(C(=O)NCc2ccc(F)cc2)c2ccccc21)NCC[NH+]1CCCCCC1,-6.36311056492068
O=C(CCc1ccc(CC2CCN(C(=O)CN3CCCC3=O)CC2)cc1)NC1CC1,-8.13895158589543
Cc1ccc(N2C[C@@H](c3nc(-c4cccc(NC(=O)Nc5ccccc5)c4)no3)CC2=O)cc1C,-9.39798667548646
O=C(NC1CCCC1)N1CCC(N2CCN(Cc3ccc(F)cc3)C(=O)C2=O)CC1,-7.09073223263771
CCC(=O)NCc1nc2c(n1CC)CN(C(=O)Cc1cccc(F)c1)CC2,-6.43349626785158
O=C(NCCc1ccccc1)N1CC[C@@H](c2nc(CCOc3ccc(F)cc3)no2)C1,-9.5951956577245
Cn1nc(C(=O)N2CCC[C@@H](C(=O)NC3CC3)C2)c2c1CCN(C(=O)c1cccc(F)c1)C2,-9.88301714465517
O=C(CN1CCCc2nc(C3CC3)ncc2C1=O)NCCC[N@H+]1CCc2ccccc2C1,-6.97672785107576
O=C(NCc1ccc(F)cc1)N1CCC(c2noc(COCC3CC3)n2)CC1,-7.95242271120831
O=C(CCc1nc(C2=CC[N@H+](Cc3ccc(Cl)cc3)CC2)no1)NCc1ccc(F)cc1,-9.69555865148019
O=C(CCc1nc(C2=CC[N@@H+](Cc3cccc(Cl)c3)CC2)no1)NC1CCCCC1,-8.61869278573268
O=C(CCc1nc(C2=CC[N@@H+](Cc3ccc(Cl)cc3)CC2)no1)NC1CCCC1,-8.20078703627193
CC(C)(C)NC(=O)N(CCN1CCOCC1)CC(=O)N1N=C(c2ccccc2F)C[C@H]1c1ccc(Cl)cc1,-7.38166699712548
O=C(NC1CCCCC1)N1CC[C@H]2C(=O)N(Cc3cccc(F)c3)CC(=O)N2CC1,-7.64115136081864
CC(=O)c1ccc(NC(=O)CCc2c(C)nc3c(-c4ccc(F)cc4)c(C)nn3c2C)cc1,-7.2388106732973
O=C(CCc1nc(C2=CC[N@@H+](Cc3ccc(Cl)cc3)CC2)no1)NC1CCCCC1,-9.54822355631601
COc1cccc(CNC(=O)N2CCC3(CCC(=O)N3Cc3c(C)noc3C)CC2)c1,-6.96393208346633
Cc1nc(-c2ccc(F)cc2)sc1C(=O)N1CCC(CC(=O)NCCC2=CCCCC2)CC1,-9.53753795404061
O=C(NCCc1ccccc1)N1CC[C@@H](Cc2noc(C3CCOCC3)n2)C1,-8.395603192958
O=C(NCc1ccccc1)N1CC[C@@H](c2nc(CCOc3ccc(F)cc3)no2)C1,-9.61881860491078
O=C(NC[C@@H]1CCCO1)N1CCC(N2CCN(Cc3ccc(F)cc3)C(=O)C2=O)CC1,-9.5282116051127
O=C(NCCc1ccccc1)N1CC[C@@H](Oc2ccc(-c3noc(C4CC4)n3)cc2)C1,-9.24809440155444
Cc1ccc2[nH]cc(CCNC(=O)CC3CCN(C(=O)NC4CCCCC4)CC3)c2c1,-7.85813273071802
CNC(=O)N1CCC([C@@H]2CCN(C(=O)CCc3nc(-c4ccccc4)no3)C2)CC1,-8.84788360367942
COc1ccc2c(c1)CCc1c(C(=O)Nc3cccc(CCc4nc5ccccc5[nH]4)c3)n[nH]c1-2,-10.0210291132916
COc1ccc2c(c1)CCc1c-2n[nH]c1C(=O)Nc1ccc(CCc2nc3ccc(C)cc3[nH]2)cc1,-8.45073415740529
N#Cc1ccccc1C[N@@H+]1CCOc2ccc(CCC(=O)NCC3CC3)cc2C1,-8.1730089619163
COc1ccc2cc(C(=O)N3CCC(CC(=O)NCCCN4CC[NH+](C)CC4)CC3)[nH]c2c1,-8.94974379854771
O=C1C[C@@H](C(=O)N2CC[NH+](Cc3ccc4c(c3)OCO4)CC2)CN1CCc1c[nH]c2ccc(F)cc12,-11.1126229596326
O=C(NC1CCCC1)N1CC[C@H]2C(=O)N(Cc3cccc(F)c3)CC(=O)N2CC1,-8.07310552884715
Cc1cccc(C[N@H+]2CC=C(c3noc(CCC(=O)Nc4ccc(F)cc4)n3)CC2)c1,-9.30245138012635
O=C(NCc1ccc(F)cc1)N1CC[C@H](c2nc(CCOCC3CCCC3)no2)C1,-10.1781803087859
Cc1cc2nc(Cc3ccc(F)cc3)n(Cc3ccc(C(=O)NCCc4ccccn4)cc3)c2cc1C,-8.08945403668259
N#Cc1cccc(C[N@@H+]2CCOc3ccc(CCC(=O)NCC4CC4)cc3C2)c1,-9.05937109146055
O=C(NCCc1ccccc1)N1CCC(c2noc(COc3ccc(F)cc3)n2)CC1,-9.18262195095007
CCc1ccccc1NC(=O)CCc1nc(C2=CC[N@H+](Cc3ccc(Cl)cc3)CC2)no1,-8.49177814595967
Cc1cccc(C[N@H+]2CC=C(c3noc(CCC(=O)Nc4ccc(Br)cc4C)n3)CC2)c1,-8.88149416076558
CC(=O)Nc1ccc(Cc2nc3ccc(C(=O)NCc4ccc(F)cc4)cc3[nH]2)cc1,-7.70796161321618
C[C@H](CCc1ccccc1)NC(=O)CCc1nc(C2=CC[N@H+](C)CC2)no1,-9.4233326866366
Cc1ccc(CNC(=O)N2CC[C@@H](c3nc(CCOCC4CC4)no3)C2)cc1,-9.03516412576901
O=C(C[C@@H]1NC(=O)N(Cc2cccc(F)c2)C1=O)NCCCN1CCOCC1,-8.00203424022274
COc1ccc2cc(C(=O)N3CCC(CC(=O)NCCN4CC[NH+](C)CC4)CC3)[nH]c2c1,-9.47070680992572
O=C(NCCc1ccccc1)N1CC(Oc2ccc(-c3noc(C4CC4)n3)cc2)C1,-7.9523540021699
Cc1ccc(NC(=O)N2CC(=O)N(CC(=O)NCCN3CC[NH+](C)CC3)c3ccccc32)cc1,-6.89029882267714
Cc1nc(C)c(C(=O)N2CCC(Cc3ccc(CCC(=O)NCC4CC4)cc3)CC2)s1,-7.68299455315643
Cc1cccc(CNC(=O)c2ccc(CSc3nc4ccncc4n3Cc3ccc(F)cc3)cc2)c1,-9.59671246943996
Cc1cccc(-c2noc(-c3ccc(NC(=O)[C@@H]4CC(=O)N(c5ccccc5C)C4)cc3)n2)c1,-8.90320795002011
Cn1nc(C(=O)N2CCCC2)c2c1CC[N@H+](Cc1ccc(C(=O)NCc3cc(F)cc(F)c3)cc1)C2,-8.01966774106614
CC(=O)c1cccc(NC(=O)CCc2c(C)nc3cc(-c4cccc(F)c4)nn3c2C)c1,-7.56051714545101
O=C(C[NH+]1CCC(c2nc(-c3cccc(F)c3)no2)CC1)NC1CCCCC1,-9.70788162941315
COc1ccc(OC)c(-c2c[nH+]c(-c3ccc(CNC(=O)C4=Cc5cc(Cl)ccc5OC4)cc3)[nH]2)c1,-8.42471748697451
Cn1nc(C(=O)NCc2ccc(F)cc2)c2c1CCN(C(=O)COc1ccc(Cl)cc1)C2,-9.77400246310515
COc1ccc(C2(C(=O)N3CCOc4ccc(CCC(=O)NCC5CC5)cc4C3)CC2)cc1,-7.42032839130878
C[NH+]1CCN(CCCNC(=O)CC2CCN(C(=O)c3cc4cc(Cl)ccc4[nH]3)CC2)CC1,-9.5870542492591
O=C(C[C@@H]1NC(=O)N(CCc2cccc(F)c2)C1=O)NCCN1CCOCC1,-8.04670524028308
Cc1cnc(CC2CCN(C(=O)NCCc3ccccc3)CC2)n1Cc1ccc(F)cc1,-6.77875649623018
Cc1ccc(N2C[C@@H](c3nc(-c4cccc(NC(=O)NCC(C)C)c4)no3)CC2=O)cc1C,-8.84443481255938
Cc1cccc(CNC(=O)c2nn(C)c3c2CN(C(=O)COc2ccc(F)cc2)CC3)c1,-9.13613191876981
O=C(NCc1ccc(F)cc1)N1CC(c2noc([C@@H]3CCC[N@H+]3CC3CC3)n2)C1,-9.28966856987386
O=C(NCc1ccccc1)N1CC[C@H](Oc2ccc(-c3noc(C4CC4)n3)cc2)C1,-8.90181649546971
Cc1ccc(NC(=O)CCc2nc(C3=CC[N@H+](Cc4ccc(Cl)cc4)CC3)no2)c(Cl)c1,-9.27436824759566
COc1cccc(C[N@@H+]2CC=C(C(=O)NCc3cccc(F)c3)CC2)c1,-9.48621655260322
COc1ccc(CCNC(=O)CC2CCN(C(=O)NC3CCCCC3)CC2)cc1OC,-8.15711391221386
COc1ccc(OC)c(-c2c[nH]c(-c3cccc(CNC(=O)C4=Cc5cc(Cl)ccc5OC4)c3)n2)c1,-9.80180396453395
Cc1ccc(-c2noc(CCC(=O)NCc3ccc4c(c3)CCN4C(=O)c3ccc(F)cc3)n2)cc1,-8.27414014720346
Cc1cccc(OCC(=O)N2CCC(C(=O)NCCc3csc(-c4ccccc4)n3)CC2)c1,-9.9463296229863
C[N@@H+]1CC=C(c2noc(CCC(=O)Nc3cccc(Cl)c3)n2)CC1,-8.06788603988406
Cc1cc(C)n(Cc2ccc(C(=O)NCc3ccc4c(c3)CCN4C(=O)c3ccc(F)cc3)o2)n1,-8.98627934829067
Cc1nc2cc(-c3cccc(F)c3)nn2c(C)c1CCC(=O)Nc1ccc(-c2[nH]c3ccccc3[nH+]2)cc1,-7.98812068423928
CN1C(=O)C(CC(=O)NCC2CC[NH+](Cc3cccc(F)c3)CC2)=C2CCCC[C@H]21,-9.44258889430056
O=C(Cc1ccc(F)cc1)N[C@H]1CC[C@H](NC(=O)c2csc(COc3ccccc3F)n2)CC1,-8.90896350125952
Cc1nc(-c2ccc(F)cc2)sc1C(=O)N1CCC(CC(=O)NC[C@H]2CCCO2)CC1,-9.71787908497867
Cc1nc(-c2ccccc2)sc1C(=O)N1CCC(CC(=O)NCC[NH+](C)C)CC1,-8.9003106913323
COc1ccc(CNC(=O)c2ccc(-c3nc(CN4CCc5ccccc54)c(C)o3)cc2)cc1,-8.63391531104072
C[NH+]1CCN(CCNC(=O)CC2CCN(C(=O)c3cc4cc(Cl)ccc4[nH]3)CC2)CC1,-9.42106308103322
Cc1ccc(-c2noc(CCC(=O)NCc3ccc4c(c3)CCN4C(=O)c3cccc(C)c3)n2)cc1,-7.8019195053747
O=C(CC1CCN(C(=O)c2ccc3oc(C4CC4)nc3c2)CC1)NCCC1=CCCCC1,-10.8756869586998
Cc1oc(-c2ccc(C(=O)NCc3cccc(F)c3)cc2)nc1CN1CCc2ccccc21,-7.67599040276885
COc1cccc(C[N@@H+]2CC=C(C(=O)NCc3ccc(F)c(Cl)c3)CC2)c1,-8.54375835482581
COc1ccc(CCC(=O)N[C@@H]2CC(=O)N(c3cccc(F)c3)C2)cc1,-8.28630076094147
Cc1nc(C)c(C(=O)N2CCC(Cc3ccc(CCC(=O)NC4CC4)cc3)CC2)s1,-7.46431274137727
O=C(CCc1nc(-c2ccccc2)no1)NC[C@]12CCCC=C1NC(=O)CC2,-8.2109549372116
COc1cccc(-c2cnc(-c3ccc(CNC(=O)C4=Cc5cc(Cl)ccc5OC4)cc3)[nH]2)c1,-9.30270479144333
COc1ccc(C(=O)N2CCC(Cc3ccc(CCC(=O)NC4CC4)cc3)CC2)cc1F,-7.51487046180799
O=C(NCc1ccc(F)cc1)c1cccc(Oc2ccnc(-c3ccc(F)cc3)n2)c1,-8.72587701418142
COc1cccc(-c2c[nH]c(-c3cccc(CNC(=O)C4=Cc5cc(Cl)ccc5OC4)c3)n2)c1,-10.0257135864199
O=C(CCc1nc(C2=CC[N@H+](Cc3cccc(Cl)c3)CC2)no1)Nc1cccc(C(F)(F)F)c1,-9.39062963880409
Cc1nc(-c2ccc(F)cc2)sc1C(=O)N1CCC(CC(=O)NC2CCCCCC2)CC1,-8.29236045442292
COc1ccc(-c2c[nH]c(-c3ccc(CNC(=O)C4=Cc5cc(Cl)ccc5OC4)cc3)n2)cc1,-9.66917206816113
O=C(C[NH+]1CCC(c2nc(-c3cccc(F)c3)no2)CC1)NCc1ccccc1,-9.6358418571207
O=C(CC[C@@H]1NC(=O)N(Cc2cccc(Cl)c2)C1=O)NCCN1CCOCC1,-7.52345763179776
CC(C)C(=O)N1CCc2ccc(OCc3ccc(C(=O)NC[C@H]4CCCO4)o3)cc2[C@@H]1c1cccc(F)c1,-9.85948735156778
O=C(NCc1ccc(F)c(Cl)c1)C1=CC[N@H+](Cc2cccc(F)c2)CC1,-8.15918765414625
COc1ccc2c(c1)CCc1c-2n[nH]c1-c1ccc(C(=O)NCc2c(C)cccc2Cl)cc1,-8.35223425845355
O=C(NCc1ccc(F)cc1)N1CC[C@H](Cc2noc(C3CCOCC3)n2)C1,-8.40915800109556
Cc1ccc(Nc2nc(C)cc(Nc3ccc(NC(=O)c4cccc(F)c4)cc3)n2)cc1,-7.61052414276332
CCc1nc(-c2ccc(O[C@@H]3CCN(C(=O)NCc4ccc(F)cc4)C3)cc2)no1,-9.08188291061793
O=C(NC1CC[NH+](Cc2ccccc2)CC1)c1ccc(Nc2ccc(-c3cccc(F)c3)nn2)cc1,-10.6746663857517
O=C(CC[C@@H]1NC(=O)N(Cc2cccc(F)c2)C1=O)NCC[NH+]1CCOCC1,-8.8249077094312
Cc1nc(-c2cccc(N3C[C@@H](C(=O)Nc4cccc(F)c4)CC3=O)c2)no1,-9.32399125067542
CC(C)CNC(=O)Nc1cccc(-c2noc([C@H]3CC(=O)N(c4cccc(Cl)c4)C3)n2)c1,-7.95593837422158
O=C(NCCCN1CCOCC1)[C@H]1Cc2cc(C(F)(F)F)ccc2N2CC[N@@H+](Cc3ccc(F)cc3)C[C@@H]12,-9.10933029572863
Cc1oc2c(c1C(=O)NCCC[NH+]1CCC(C)CC1)CN(Cc1cccc(F)c1)CC2,-8.667777003598
O=C(NCc1ccccn1)c1ccc2c(c1)CC(=O)N2Cc1ccc(F)cc1,-6.12608701746593
Cc1ccc(Nc2cc(Nc3ccc(NC(=O)c4cccc(F)c4)cc3)nc(C)n2)cc1,-6.6563376090636
O=C(Cc1c(F)cccc1Cl)Nc1cc(C(=O)NCCC2=CCCCC2)ccc1N1C[C@@H]2C[C@H](C1)c1cccc(=O)n1C2,-9.51668851618919
N#Cc1cccc(C(=O)N2CCC(Cc3ccc(CCC(=O)NCC4CC4)cc3)CC2)c1,-9.29505467972747
Cc1noc(C)c1C(=O)N1CCC(Cc2ccc(CCC(=O)NCC3CC3)cc2)CC1,-8.52871744677055
Cc1cc(C)cc(NC(=O)N2CCC(N3CCN(Cc4cccc(F)c4)C(=O)C3=O)CC2)c1,-8.25354855083996
COc1ccc(C(=O)N(Cc2ccccc2)[C@H]2CC[C@H](NC(=O)C3CCN(C(=O)c4cccc(F)c4)CC3)CC2)cc1,-7.69113038143217
Cc1nc(-c2ccc(F)cc2)sc1C(=O)N1CCC(CC(=O)NC2CCCCC2)CC1,-8.53466833592896
COc1ccc(-c2cc3n(n2)CCC(=O)N3Cc2ccc(C(=O)Nc3ccc(F)cc3F)cc2)cc1,-8.68099975881556
CC[C@@H](Oc1ccc2c(c1)[C@@H](c1cccc(F)c1)N(C(=O)C(C)(C)C)CC2)C(=O)NC[C@H]1CCCO1,-8.33169887434088
O=C(C[C@@H]1NC(=O)N(Cc2cccc(F)c2)C1=O)NCC[NH+]1CCOCC1,-11.0318893516533
Cc1ccc(CNC(=O)CC2CCN(C(=O)NCc3cccc(F)c3)CC2)cc1,-8.84811803447671
O=C(NC1CC[NH+](Cc2ccccc2)CC1)c1cccc(Nc2ccc(-c3cccc(F)c3)nn2)c1,-10.3596901469554
Cc1ccc(NC(=O)N2CCC(C(=O)NCc3csc(-c4ccccc4)n3)CC2)cc1F,-8.48547779147532
Cc1nc2c(-c3ccc(F)cc3)c(C)nn2c(C)c1CCC(=O)NCCCN1CCCC1=O,-9.05793737931066
O=C(Nc1cc(F)cc(F)c1)c1ccc(Nc2ccnc(-c3cccc(F)c3)n2)cc1,-8.07774166019598
COC(=O)c1cccc(NC(=O)N2CCC(CC(=O)NCc3ccccc3F)CC2)c1,-7.57931486036972
CC1CCN(c2nc3c(c(Oc4ccc(F)c(F)c4)n2)CN(C(=O)NCc2ccccc2)CC3)CC1,-7.71508973350932
Cc1cccc([C@H]2c3cc(OCC(=O)NCc4ccccn4)ccc3CCN2C(=O)c2ccccc2)c1,-6.81346409672864
CCc1cccc(NC(=O)c2ccc(-c3noc(C4CCN(C(=O)c5ccc(F)cc5)CC4)n3)cc2)c1,-9.00638906702281
Cc1ccc(NC(=O)N2CCC(CC(=O)NCc3cccc(F)c3)CC2)cc1,-8.29434938541525
O=C(NCc1ccccc1Cl)C1=CC[N@@H+](Cc2cccc(F)c2)CC1,-8.25188141708781
Cc1cccc(CN(C(=O)c2ccc(F)cc2)[C@H]2CC[C@H](NC(=O)C3CCN(C(=O)c4cccc(Cl)c4)CC3)CC2)c1,-8.52903623869094
O=C(c1ccc(Nc2ccc(-c3cccc(F)c3)nn2)cc1)N1CC[NH+](Cc2ccccc2)CC1,-11.2908104054552
COc1cccc(CCC(=O)NC[C@]23CCC=C2N(CC2CC2)C(=O)CC3)c1,-7.29832715230409
O=C(Nc1cccc(F)c1)N1CC[C@@H](Oc2ccc(-c3noc(C4CC4)n3)cc2)C1,-8.02551032963975
Cc1ccc(-c2noc(CCC(=O)Nc3cccc(CCc4nc5cc(C)ccc5[nH]4)c3)n2)cc1,-11.4486105320472
Cc1nc(-c2ccc(F)cc2)sc1C(=O)N1CCC(CC(=O)NC2CCCC2)CC1,-8.16906423229925
Cc1ccc(-c2noc(CCC(=O)Nc3ccc(CCc4nc5cc(C)ccc5[nH]4)cc3)n2)cc1,-9.48730774040153
CC1CCN(c2ccc(-c3noc(CCC(=O)NCCC4=CCCCC4)n3)cc2)CC1,-8.66161813232406
CSc1ccc(CNC(=O)c2ccc(Nc3ccnc(-c4ccc(F)cc4)n3)cc2)cc1,-9.25465820956233
CC(=O)Nc1ccc(Oc2ccc(-c3noc(Cc4ccc(F)cc4)n3)cc2)cc1,-8.19692879116904
C[C@H](CCc1ccccc1)NC(=O)C1CCN(c2ccc(-c3cccc(F)c3)nn2)CC1,-10.8617404965993
Cc1ccccc1CNC(=O)c1ccc(Nc2ncc(-c3cccc(F)c3)cn2)cc1,-9.8801739742348
O=C(NCC[NH+]1CCCCC1)C1CCN(c2cc(-c3cccc(F)c3)ncn2)CC1,-7.67213176653038
O=C(CCc1ccc(CC2CCN(C(=O)Nc3ccccc3F)CC2)cc1)NC1CC1,-9.69810974041888
CCc1nc(-c2ccc(O[C@@H]3CCN(C(=O)Nc4cccc(F)c4)C3)cc2)no1,-8.07554106582666
COc1cc(NC(=O)N2CCC(CC(=O)NCc3cccc(F)c3)CC2)cc(OC)c1,-7.75507840242002
O=C(NCc1ccc(F)cc1)N1CC[C@H](Cc2noc(-c3ccncc3)n2)C1,-8.46533848381784
Cc1ccc(C(=O)N2CCC(CC(=O)NCc3ccc4c(c3)OCO4)CC2)cc1,-9.0332733035721
O=C(Nc1ccccc1F)N1CC[C@H](Oc2ccc(-c3noc(-c4ccccc4)n3)cc2)C1,-9.41382723699362
COc1ccc(CNC(=O)CC2CCN(C(=O)Nc3cccc(Cl)c3)CC2)cc1OC,-8.20100030012525
COc1cccc(NC(=O)c2ccc(Nc3ccnc(-c4cccc(F)c4)n3)cc2)c1,-9.04969512557322
Cc1oc(-c2ccc(C(=O)NCc3ccc(OC(C)C)cc3)cc2)nc1CN1CCc2ccccc21,-9.90747134201474
COc1ccc(NC(=O)c2ccc(Nc3ccnc(-c4cccc(F)c4)n3)cc2)cc1,-8.75208973790413
Cc1cccc(NC(=O)c2ccc(-c3noc(C4CCN(C(=O)c5ccc(F)cc5)CC4)n3)cc2)c1,-8.42239094174322
COc1cccc(NC(=O)c2ccc(Nc3ccnc(-c4ccc(F)cc4)n3)cc2)c1,-9.15796719059503
Cc1cccc(Cn2c(C(=O)NCCc3ccccn3)cc3cc(NC(=O)c4cccc(F)c4)ccc32)c1,-8.83596753877675
CSc1cccc(NC(=O)N2CCC(CC(=O)NCc3cccc(F)c3)CC2)c1,-8.03192547446474
Cc1ccc(CN2c3ccc(F)cc3OC[C@H]2CC(=O)NCCC2=CCCCC2)cc1,-8.20399504724944
Cc1ccccc1NC(=O)N(C)CCc1noc(-c2ccc(C(=O)NCc3cccc(F)c3)cc2)n1,-10.5426090476423
Cc1ccccc1NC(=O)N(C)CCc1noc(-c2ccc(C(=O)NCc3ccc(F)cc3)cc2)n1,-10.8125891181987
O=C(NCc1ccc(F)cc1)N1CC(Oc2ccc(-c3nc(-c4ccccc4)no3)cc2)C1,-9.01838831338696
Cc1cccc2c1-c1sc(C(=O)NCCC[NH+]3CCN(c4ccc(F)cc4)CC3)cc1CO2,-10.5398117978837
O=C(CSC1=Nc2ccccc2N=C(c2ccc(F)cc2)C1)NCCC1=CCCCC1,-9.46371094441151
Cc1ccc(NC(=O)N2CCC(CC(=O)NCc3ccc(F)cc3)CC2)c(C)c1,-8.05466827057755
COc1cccc(-c2cc(-c3ccc(C(=O)NCc4ccc(F)c(F)c4)cc3)[nH]n2)c1,-7.99484773897075
O=C(NCc1csc(-c2ccccc2)n1)C1CCN(C(=O)Nc2ccc(F)cc2F)CC1,-7.74915929336238
C[N@@H+](CCCNC(=O)c1ccc2c(c1)N(Cc1c(F)cccc1Cl)C(=O)CS2)C1CCCCC1,-9.90524202097997
Cc1ccc(C(=O)N(Cc2cccc(F)c2)c2ccc(CC(=O)NC[C@@H]3CCCO3)cc2)cc1,-8.70761904553811
CC(=O)c1ccc(-c2ccc3nc(-c4ccccc4)c(C[NH+]4CCN(C(=O)Nc5ccc(F)cc5F)CC4)n3c2)cc1,-9.9360845821291
O=C(NCc1ccc(F)cc1)N1CCC(Cc2nc(-c3ccccc3)n[nH]2)CC1,-9.27561845002143
O=C(CC1CCN(C(=O)Nc2cccc(Cl)c2)CC1)NCCC1=CCCCC1,-8.36279396994846
O=C(C[C@H]1COc2cc(F)ccc2N1Cc1ccccc1)NCCC1=CCCCC1,-8.98806895744505
Cc1ccc(CNC(=O)c2ccc(CSc3nc4cccnc4n3Cc3cccc(C)c3)cc2)cc1,-11.3593321193822
Cc1oc(-c2ccc(C(=O)Nc3ccc(Cl)cc3)cc2)nc1C[NH+]1CCN(c2ccccc2)CC1,-7.89649907925459
O=C(Nc1ccc(SCc2nnc(-c3ccccc3)o2)cc1)Nc1cccc(F)c1,-9.02970072508069
O=C([O-])CC[C@H]1NC(=O)N(Cc2ccc3c(c2)OCO3)C1=O,-9.45013887661503
Cc1ccc(SCc2nc(-c3ccc(C(=O)NCc4cccnc4)cc3)oc2C)cc1,-4.89849090061413
Cc1ccc(-c2ccc(Nc3ccc(C(=O)N4CC[NH+](Cc5ccccc5)CC4)cc3)nn2)cc1,-9.71768596368885
Cc1oc(-c2ccc(C(=O)NC3CC[NH+](Cc4ccccc4)CC3)cc2)nc1COc1ccccc1,-8.66933732389929
Cc1cccc(NC(=O)N(C)CCc2noc(-c3ccc(C(=O)NCc4ccc(F)cc4)cc3)n2)c1,-10.0163488441672
Cc1nc(C(F)(F)F)ccc1C(=O)Nc1cccc(-c2cccc(-c3ccc4c(c3)NC(=O)CO4)n2)c1,-11.0182762829175
Cc1ccc(-c2noc(-c3ccc(OCC(=O)Nc4ccc(C)cc4C)cc3)n2)cc1,-9.58296948046061
O=C(N[C@H]1CCCc2ccccc21)c1ccc(CSc2nc3ccncc3n2Cc2ccc(F)cc2)cc1,-8.55207159980334
Cc1ccc(-c2noc(-c3ccc(OCC(=O)Nc4cc(C)ccc4C)cc3)n2)cc1,-4.39800736481263
Cc1ccc(-c2nc3cc(C(=O)N4CCC([C@H](C)C(=O)NC[C@H]5CCCO5)CC4)ccc3o2)cc1,-10.3730946898554
Cc1ccc(NC(=O)N(C)CCc2noc(-c3ccc(C(=O)NCc4ccc(F)cc4)cc3)n2)cc1,-10.0831436846127
O=C(COc1ccccc1)Nc1cccc(-c2cccc(-c3ccc4c(c3)OCCO4)n2)c1,-10.421392017884
O=C(Cc1ccccc1)Nc1ccc2[nH]cc(CC[NH+]3CCN(c4cccc(C(F)(F)F)c4)CC3)c2c1,-10.4455256060175
O=C(NCCC[NH+]1CCN(c2ccc(F)cc2)CC1)c1cc2c(s1)-c1ccsc1CC2,-8.14880848327251
O=C(N[C@@H]1CCCc2ccccc21)c1ccc(Oc2ccnc(-c3ccc(F)cc3)n2)cc1,-9.68910328862563
O=C(Cc1c[nH]c2ccccc12)N1CC[NH+](Cc2cccc(-c3noc(-c4cccc(Cl)c4)n3)c2)CC1,-12.0291250839558
CC[C@H](Oc1ccc2c(c1)[C@H](c1ccc(C)cc1)N(C(=O)C(C)C)CC2)C(=O)NC[C@H]1CCCO1,-8.68849885779175
O=C(NCCC[NH+]1CCCC1)c1ccc(Nc2cc(-c3cccc(F)c3)ncn2)cc1,-10.2658183129939
O=C(NCCC[NH+]1CCCC1)c1cccc(Nc2cc(-c3cccc(F)c3)ncn2)c1,-9.71582333960867
CN1C(=O)C(CC(=O)NCC2CC[NH+](Cc3ccc(F)cc3)CC2)=C2CCCC[C@H]21,-9.65800181749628
Cc1oc(-c2ccc(C(=O)NCc3ccc(F)cc3)cc2)nc1C[NH+]1CCC(C(N)=O)CC1,-10.5592015164234
O=C(Cc1ccc(F)cc1)Nc1cccc(-c2cccc(-c3ccc4c(c3)OCCO4)n2)c1,-10.6476575216932
Cc1cccc(NC(=O)N(C)CCc2noc(-c3ccc(C(=O)N4CCCC4)cc3)n2)c1C,-5.18010272271032
O=C(NCc1cccc(C(F)(F)F)c1)c1cccc(C[NH+]2CC[NH+](Cc3ccc4c(c3)OCO4)CC2)c1,-9.33814215520253
Cc1ccccc1NC(=O)c1ccc(Nc2cc(-c3cccc(F)c3)ncn2)cc1,-9.65290351506123
CN(CCc1noc(-c2ccc(C(=O)NCc3ccc(F)cc3)cc2)n1)C(=O)Nc1ccccc1,-8.9256074285103
O=C(Nc1cccc(-c2cccc(-c3ccc(F)cc3)n2)c1)c1ccc2c(c1)OCO2,-9.66513856224767
Cc1ccc2sc(-c3ccc(NCc4ccc5c(c4)OCO5)cc3)nc2c1,-7.79994978860478
CC(=O)Nc1ccc(Cc2nc3ccc(C(=O)NCc4ccc5c(c4)OCO5)cc3[nH]2)cc1,-10.2206723649409
O=C1C[C@H](C(=O)N2CC[NH+](Cc3ccccc3)CC2)CN1CCc1c[nH]c2ccc(F)cc12,-9.68070208220328
CSc1ccc(CNC(=O)c2ccc(Oc3ccnc(-c4ccc(C)cc4)n3)cc2)cc1,-9.37240417568196
CNC(=O)c1ccc(-c2nc(C[NH+]3CCN(C(=O)Nc4ccccc4C(F)(F)F)CC3)c(C)o2)cc1,-7.92556621561483
C[C@@H](NC(=O)C1=CC[N@H+](Cc2cccc(F)c2)CC1)c1ccccc1,-8.29881197584771
Cc1noc(-c2ccc(OC(F)(F)F)cc2)c1C(=O)NCCc1ccc(N)cc1,-8.26913340406915
COc1cccc(CCNC(=O)c2ccc(-c3cc(-c4ccc5c(c4)OCCO5)n[nH]3)cc2)c1,-8.03474796888346
O=C(NC1CC[NH+](Cc2ccccc2)CC1)C1CCN(c2cc(-c3cccc(F)c3)ncn2)CC1,-10.7087481981661
CC(=O)c1cccc(NC(=O)[C@@H](C)C2CCN(C(=O)c3ccc4oc(-c5ccccc5)nc4c3)CC2)c1,-10.7869232433546
O=C(NCCC1=CCCCC1)c1cccc(Nc2ncc(-c3cccc(F)c3)cn2)c1,-9.52742438502236
Cc1ccccc1CNC(=O)CCc1ccc2c(c1)OCO2,-7.84429480945217
O=C(NCCc1ccccc1)c1cccc(CSc2ccc(-c3ccc(F)cc3)nn2)c1,-9.77155986288296
COc1cccc(-c2cc(-c3ccc(C(=O)NCc4ccc(C(F)(F)F)cc4)cc3)[nH]n2)c1,-9.42424206008869
O=C(NCCC1=CCCCC1)c1ccc(Nc2ccc(-c3ccc(F)cc3)nn2)cc1,-10.7078921505448
Cc1ccc2[nH]c(CCc3ccc(NC(=O)c4ccc5c(c4)OCO5)cc3)nc2c1,-8.71446931055745
O=C(Nc1ccc(-c2nc(-c3ccccc3)no2)cc1)[C@@H]1CC(=O)N(c2cccc(C(F)(F)F)c2)C1,-10.053106257016
Cc1oc2c(c1C(=O)NC1CCCC1)C[N@@H+](Cc1cccc(F)c1)CC2,-9.26268030497967
C[C@H](CCc1ccccc1)NC(=O)c1cccc(Nc2ccc(-c3ccccc3)nn2)c1,-11.2491205181393
O=C(NCc1cccc(C(F)(F)F)c1)c1cccc(C[NH+]2CCN(c3cccc(Cl)c3)CC2)c1,-9.10631140610862
O=C([O-])CCC(=O)N1CC[NH+](Cc2ccc3c(c2)OCO3)CC1,-7.43389085186162
CCc1cccc(NC(=O)c2ccc(-c3noc(C4CCN(C(=O)c5ccccc5)CC4)n3)cc2)c1,-10.0127756474607
Cc1cccc(NC(=O)Nc2ccc(-c3noc(C4CCC4)n3)cc2)c1C,-4.19707787109539
O=C(NCCC1=CCCCC1)C1CCN(C(=O)c2ncn3c2CO[C@@H](c2ccc(F)cc2)C3)CC1,-8.45537755287885
O=C(NCCCCc1ccccc1)c1ccc(-c2cc(-c3cccc(C(F)(F)F)c3)[nH]n2)cc1,-11.2623385795927
Cc1oc(-c2ccc(C(=O)Nc3ccc(F)cc3F)cc2)nc1C[NH+]1CCN(c2ccccc2)CC1,-9.57157999184666
Cc1ccc(-c2nc(-c3ccc(N4CCN(C(=O)Nc5ccccc5C)CC4)cc3)no2)cc1,-7.06356525438776
CC(C)C(=O)N1CCc2ccc(OCc3ccc(C(=O)NC[C@@H]4CCCO4)o3)cc2[C@@H]1c1ccccc1,-9.80715035032501
C[C@@H](C(=O)NCc1ccc2c(c1)OCO2)C1CCN(C(=O)c2cc3cc(Cl)ccc3[nH]2)CC1,-9.19803310152496
Cc1nc(-c2ccc(F)cc2)sc1C(=O)N1CCC([C@H](C)C(=O)NCC[NH+]2CCCC2)CC1,-10.0388987690693
C[NH+]1CCN(c2ccc(CNC(=O)CCc3ccc4c(c3)OCO4)cc2)CC1,-8.81487626753123
CSc1ccc(CNC(=O)c2cccc(Nc3ccc(-c4ccc(C)cc4)nn3)c2)cc1,-9.61447303728266
O=C(NCCN1CCOCC1)[C@H]1Cc2cc(C(F)(F)F)ccc2N2CC[N@H+](Cc3ccc(F)cc3)C[C@H]12,-8.53046587574963
CC(C)CNC(=O)c1ccc(Nc2ccc(-c3cccc(F)c3)nn2)cc1,-9.77513130592065
CSc1ccc(CNC(=O)c2ccc(Nc3ncc(-c4cccc(F)c4)cn3)cc2)cc1,-10.7651933628424
Cc1c(C(=O)NCCC2=CCCCC2)oc2ccc3c(c12)C(=O)CC1(CCCC1)O3,-8.18632024391241
CCC(=O)Nc1ccc(CCc2nc3cc(C(=O)NCc4ccc5c(c4)OCO5)ccc3[nH]2)cc1,-11.1328759362745
O=C(c1ccc(-c2cc(-c3cccc(C(F)(F)F)c3)n[nH]2)cc1)N1CCC(Cc2ccccc2)CC1,-10.4679751567268
O=C(CC[C@H]1CCCN(C(=O)Nc2ccc(F)cc2)C1)NCc1ccc2c(c1)OCO2,-8.92965065915765
O=C(NCCC1=CCCCC1)c1cccc(Oc2cc(-c3cccc(F)c3)ncn2)c1,-10.1056547073251
Nc1ccc(CCNC(=O)c2ccc(-c3cc(-c4cccc(C(F)(F)F)c4)n[nH]3)cc2)cc1,-10.8828881067749
Cc1ccc2[nH]c(CCc3ccc(NC(=O)Nc4ccc(Cl)cc4)cc3)nc2c1,-8.34395981252831
O=C(NCCc1ccco1)c1ccc(CN2C(=O)CCn3nc(-c4cccc(Cl)c4)cc32)cc1,-8.59026608589478
C=CCNC(=O)c1cccc(CN2CC[NH+](Cc3ccc4c(c3)OCO4)CC2)c1,-8.99132927077461
COc1ccc(-c2nc(Nc3ccc(C[NH+]4CCC(C)CC4)cc3)c3ccccc3n2)cc1,-9.66988799422342
COc1cccc(-c2c[nH]c(-c3ccc(CNC(=O)c4ccc(C(F)(F)F)c(F)c4)cc3)n2)c1,-9.10723225534872
O=C(NCCC1=CCCCC1)c1ccc(N2C[C@@H]3C[C@H](C2)c2cccc(=O)n2C3)c(NC(=O)c2cccc(C(F)(F)F)c2)c1,-9.42260932200117
Cc1noc(C)c1CC(=O)NCCc1ccc(CC2CC[NH+](C(C)C)CC2)cc1,-8.88471148536681
O=C(NCc1ccc2c(c1)OCO2)c1ccc(CN2CC(=O)N3CCCC[C@H]3C2=O)cc1,-9.3164975468752
Cc1ccc(C)c([NH+]2CCN(CCCNC(=O)C[C@@H]3Oc4ccccc4NC3=O)CC2)c1,-8.15506088363381
Cc1ccc(CNC(=O)N2CC(c3nc(CCOCC4CCCC4)no3)C2)cc1,-9.0530444024633
CC(=O)Nc1cc(C(=O)NCC2CC[NH+](Cc3ccc(C)cc3)CC2)ccc1Sc1ccc(F)cc1,-8.99465356295053
CSc1ccc(CNC(=O)c2ccc(Nc3ccc(-c4cccc(F)c4)nn3)cc2)cc1,-10.7575751803292
O=C(N[C@@H]1CCCc2ccccc21)c1cccc(Nc2cc(-c3cccc(F)c3)ncn2)c1,-10.5509258522273
CSc1ccc(CNC(=O)c2ccc(Nc3cc(-c4ccc(C)cc4)ncn3)cc2)cc1,-9.34606208527202
Cc1ccc2c(c1)NC(=O)[C@H](CC(=O)NCCC[NH+]1CCC(Cc3ccccc3)CC1)O2,-13.2525111911074
Cc1oc2c(c1C(=O)NC1CC[NH+](C)CC1)C[N@H+](Cc1ccc(F)cc1)CC2,-8.27539267743627
O=C(NC[C@@H]1CCCO1)c1ccc(C[NH+]2CCN(c3ccc(F)cc3)CC2)cc1,-8.52837610890071
O=C(CCc1cn(-c2ccccc2)nc1-c1ccc2c(c1)OCO2)NCCC1=CCCCC1,-9.15316098275725
CSc1ccc(CNC(=O)c2cccc(Nc3ncc(-c4ccc(C)cc4)cn3)c2)cc1,-9.67397507392284
CCc1nc(-c2ccc(N3CCN(C(=O)Nc4cccc(C)c4C)CC3)cc2)no1,-8.34175299978926
O=C(NCc1ccc(F)cc1)c1ccc(Nc2ncc(-c3cccc(F)c3)cn2)cc1,-9.94361307128763
O=C(Nc1cccc(F)c1)c1ccc(Nc2cc(-c3ccccc3)ncn2)cc1,-9.64746275586631
COc1cccc(CNC(=O)c2ccc(Nc3ncc(-c4cccc(F)c4)cn3)cc2)c1,-11.411213480933
C[C@H](CCc1ccccc1)NC(=O)C1CCN(c2ccc(Sc3cccc(F)c3)nn2)CC1,-9.63426126710452
C[C@@H](CCc1ccccc1)NC(=O)c1ccc(-c2cc(-c3cccc(C(F)(F)F)c3)n[nH]2)cc1,-11.2078121099107
CC(C)CNC(=O)c1ccc(COc2ccc3c(c2)[C@@H](c2ccc(F)cc2)N(C(=O)C(C)C)CC3)o1,-5.45724586695201
C[C@H](C(=O)NCc1ccc2c(c1)OCO2)C1CCN(C(=O)c2cc3ccccc3[nH]2)CC1,-9.60627159506416
Cc1ccc2[nH]c(CCc3cccc(NC(=O)CN4C(=O)COc5ccccc54)c3)nc2c1,-8.96519221423289
O=C(Nc1cccc(CCc2nc3ccccc3[nH]2)c1)c1cc(-c2ccncc2)nc2ccccc12,-10.1602291772219
CSc1ccc(CNC(=O)c2ccc(Nc3cc(-c4ccc(F)cc4)ncn3)cc2)cc1,-10.9902225664682
O=C(CCc1ccc(CC2CCN(C(=O)NC[C@H]3CCCO3)CC2)cc1)N1CCCC1,-9.46019106068771
Cc1ccc(NC(=O)c2ccc(Nc3cc(-c4cccc(F)c4)ncn3)cc2)c(C)c1,-9.04985987233492
O=C(Cn1c(SCc2cccc(C(F)(F)F)c2)nc2ccncc21)NCCC1=CCCCC1,-7.90264780957392
COc1ccc(CNC(=O)c2cccc(Nc3ccc(-c4ccc(F)cc4)nn3)c2)cc1,-10.8692672704864
Cc1ccc([C@@H](C)NC(=O)c2ccc(Nc3ncc(-c4cccc(F)c4)cn3)cc2)cc1,-10.8653341580342
O=C(NCC[NH+]1CCN(c2cccc(Cl)c2)CC1)C1=Cc2sc3c(c2CS1)CCCC3,-8.37158882710834
O=C(NCCC1=CCCCC1)C1CCN(c2ccc(-c3cccc(F)c3)nn2)CC1,-9.62402432109485
Cc1cccc([C@H]2c3cc(OCc4ccc(C(=O)NCc5cccc(F)c5)o4)ccc3CCN2C(=O)C2CCCC2)c1,-10.3901415689489
Cc1ccc(CNC(=O)N2CC[C@@H](Oc3ccc(-c4noc(C(C)C)n4)cc3)C2)cc1,-8.34086024489891
Cc1ccc(-c2nc(-c3ccc(N4CCN(C(=O)Nc5cccc(C)c5C)CC4)cc3)no2)cc1,-8.37924380977348
Cn1nc(C(=O)N2CCCCC2)c2c1CCN(C(=O)CCC(=O)NCCC1=CCCCC1)C2,-8.28983295971874
O=C(NCCCc1ccccc1)c1ccc(-c2cc(-c3cccc(C(F)(F)F)c3)[nH]n2)cc1,-9.21821937132411
c1cc2cc(C[NH+]3CCC(CCc4noc(C5CCOCC5)n4)CC3)ccc2[nH]1,-9.65388635093212
Cc1cccc(NC(=O)Nc2ccc(-c3nnc(-c4ccccc4)o3)cc2)c1C,-5.71700842050538
Cc1cccc(-c2nccc(N3CCC(C(=O)NC4CC[NH+](Cc5ccccc5)CC4)CC3)n2)c1,-9.91554547095089
Cc1ccc(-c2cc(Nc3cccc(C(=O)NCCC4=CCCCC4)c3)ncn2)cc1,-9.71981506142792
O=C(NCCC1=CCCCC1)c1ccc(-c2ccc3c(c2)OCO3)s1,-8.04354407873415
CNC(=O)N1CCC[C@H](c2nc(CCOc3ccc(F)cc3)no2)C1,-8.18417349419205
Cc1ccc(Cl)cc1N1CC[NH+](CCNC(=O)C[C@H]2Oc3ccccc3NC2=O)CC1,-8.65201216268747
C[N@@H+]1CCO[C@@H](C(=O)NCc2ccc(F)cc2)[C@@H]1c1ccccc1,-8.23024946242672
Cc1cccc(-c2cc(N3CCC(C(=O)NC4CC[NH+](Cc5ccccc5)CC4)CC3)ncn2)c1,-9.8595222115057
Cc1oc(-c2cccc(Cl)c2)nc1C[NH+]1CCC(C(=O)NCCC2=CCCCC2)CC1,-9.06116714402831
NC(=O)C1CCN(C(=O)CCc2ccc3c(c2)OCO3)CC1,-8.17685560949784
O=C(N[C@@H]1CCc2ccccc21)c1ccc(-c2cc(-c3cccc(C(F)(F)F)c3)n[nH]2)cc1,-9.7337138095542
O=C(NCc1ccccc1)c1ccc(-c2nc(-c3ccc(F)cc3)no2)cc1,-8.58095496807589
O=C(Nc1ccccc1)N1CC[C@H](c2nc(CCOc3ccc(F)cc3)no2)C1,-8.21798722041348
CCCCc1ccc(NC(=O)c2ccc(Nc3ccc(-c4cccc(C)c4)nn3)cc2)cc1,-8.3677266044109
Cc1ccccc1C(=O)N(Cc1ccc(F)cc1)c1cccc(CC(=O)NC[C@H]2CCCO2)c1,-8.91900432174259
Cc1cccc(-c2cc(Nc3ccc(C(=O)Nc4cccc(F)c4)cc3)ncn2)c1,-9.18704691007164
O=C(NCCC1=CCCCC1)c1cccc(-c2ccc(Oc3ccc(F)cc3)nn2)c1,-9.50207556500095
CCCCc1ccc(NC(=O)c2ccc(Nc3cc(-c4cccc(F)c4)ncn3)cc2)cc1,-9.10918099718044
O=C(NCc1cccc(C(F)(F)F)c1)c1csc(C[NH+]2CCN(c3cccc(Cl)c3)CC2)n1,-8.64458819699988
CCC(=O)N1CCc2ccc(OCc3ccc(C(=O)NC[C@H]4CCCO4)o3)cc2[C@@H]1c1cccc(F)c1,-9.21752430609071
COc1cccc(C[N@@H+]2CC=C(C(=O)NC[C@H]3CCCO3)CC2)c1,-9.12694805060953
Cc1cccc(-c2ccc(N3CCC(C(=O)N[C@@H](C)CCc4ccccc4)CC3)nn2)c1,-10.2547804878137
Cc1ccc(C)c(C[NH+]2CCC(CNC(=O)Nc3cccc4c3CCCC4)CC2)c1,-7.77339182067362
Cn1nc(C(=O)N2CCCC2)c2c1CCN(C(=O)CCC(=O)NCCC1=CCCCC1)C2,-8.50832922528009
COc1ccc(C(=O)N2CCC[C@H](c3cccc(C(=O)NCc4ccc5c(c4)OCO5)c3)C2)cc1,-11.6284867611519
COc1cccc(CNC(=O)c2cccc(Nc3ccc(-c4ccc(F)cc4)nn3)c2)c1,-9.12243176467736
O=C(NCc1cccc(Cl)c1)C1=CC[N@H+](Cc2cccc(F)c2)CC1,-8.26232110147924
Cc1ccc(C)c([NH+]2CCN(CCCNC(=O)C3=Cc4sc5c(c4CS3)CCCC5)CC2)c1,-7.41738667097549
Cc1cc(Cl)cc2c3c([nH]c12)CC[C@H](NC(=O)CCc1ccc2c(c1)OCO2)C3,-10.2208205153996
Cc1cccc(N2CC[NH+](Cc3nc(C(=O)NCc4cccc(C(F)(F)F)c4)co3)CC2)c1C,-8.19754589484114
CNC(=O)N1CCC[C@H](c2nc(CCOc3cccc(C)c3)no2)C1,-7.06537656856421
CNC(=O)CCc1ccc(CC2CC[NH+](Cc3cccc(C#N)c3)CC2)cc1,-9.26850162032067
Cc1ccc(OCc2nc(-c3ccc(C(=O)NCCC4=CCCCC4)cc3)oc2C)cc1,-7.48794340121599
O=C(CC1CCN(C(=O)c2cc3cc(Cl)ccc3[nH]2)CC1)NCCC[NH+]1CCCC1,-9.11131650178971
Cc1ccc2cc3cc(C(=O)NCC4CC[NH+](Cc5cccc(F)c5)CC4)oc3nc2c1,-11.1927507277406
CCNC(=O)N1CCC[C@@H](c2nc(CCOc3ccc(F)cc3)no2)C1,-8.57869015943027
O=C(NCc1ccc(F)cc1)c1cccc(Nc2ncc(-c3ccc(F)cc3)cn2)c1,-11.5419232465631
O=C(COCc1cc(-c2ccc(F)cc2)on1)NCC[NH+]1CCCC1,-7.9918734679802
Cc1cccc(OCCc2noc([C@H]3CCN(C(=O)NC(C)C)C3)n2)c1,-8.70173115317211
Cc1ccc2c(c1)N(CCCC(=O)Nc1ccc(CCc3nc4ccccc4[nH]3)cc1)C(=O)CO2,-10.2316044601834
Cc1ccc(C(=O)N2CCC(CC(=O)NCCC3=CCCCC3)CC2)cc1,-7.35975561779569
C[C@H](CCc1ccccc1)NC(=O)C1CCN(c2ccc(-c3ccc(F)cc3)nn2)CC1,-9.77272128238081
C[NH+]1CCC(CCNC(=O)CCc2ccc3c(c2)OCO3)CC1,-8.38646751762981
Cc1ccc(C[S@](=O)Cc2ccc(C(=O)NCCC3=CCCCC3)o2)cc1,-9.68262495094338
Cc1ccc(CNC(=O)N2CC[C@@H](Oc3ccc(-c4noc(C)n4)cc3)C2)cc1,-9.72068519329154
CC(C)CC(=O)N1CCc2ccc(OCc3ccc(C(=O)NC(C)C)o3)cc2[C@@H]1c1cccc(F)c1,-9.03459956568664
Cn1cc(CCC(=O)NCCC2=CCCCC2)c(-c2ccc(F)cc2)n1,-8.85811569814239
COc1ccc2cc(C(=O)N3CCC(CC(=O)NCCC4=CCCCC4)CC3)[nH]c2c1,-8.24067408125797
O=C(CCc1ccccc1)Nc1cccc(CCc2nc3ccccc3[nH]2)c1,-9.32303844471535
O=C(NCc1cccc(C(F)(F)F)c1)c1coc(C[NH+]2CCN(c3ccc(Cl)cc3)CC2)n1,-9.24395509134554
COc1ccc(N2CC[NH+](Cc3cccc(C(=O)NC[C@H]4CCCO4)c3)CC2)cc1,-8.64913768687345
CC(C)CNC(=O)N1CCC[C@H](c2nc(CCOc3ccc(F)cc3)no2)C1,-8.59824822587182
O=C(Nc1ccc(Cl)cc1)Nc1cc(C(=O)NCCC2=CCCCC2)ccc1N1C[C@@H]2C[C@H](C1)c1cccc(=O)n1C2,-9.26305333863752
Cn1c(C(=O)NCC[NH+]2CCCC2)cc2c1CC[N@H+](Cc1cccc(F)c1)C2,-6.82245305278715
CSc1ccc(CNC(=O)c2cccc(Nc3ncc(-c4cccc(C)c4)cn3)c2)cc1,-11.1892326853523
Cc1nc(C(=O)NCCc2ccc(F)cc2)c(C)n1C1CC[NH+](C)CC1,-7.81595118038845
Cc1ccc(C[NH+]2CCC(Cc3ccc(CCC(=O)NC4CC4)cc3)CC2)o1,-7.49980813244827
O=C(Nc1cccc(F)c1)c1ccc(-c2nccc(Oc3ccccc3)n2)cc1,-6.84687387994632
CCOc1ccc(NC(=O)c2ccc(Nc3cc(-c4cccc(F)c4)ncn3)cc2)cc1,-7.52910010787592
COc1cccc(NC(=O)c2ccc(Nc3ccc(-c4cccc(F)c4)nn3)cc2)c1,-9.78539298542785
Cc1nc2c(-c3ccc(F)cc3)c(C)nn2c(C)c1CCC(=O)NCCC1=CCCCC1,-7.33595033196792
O=C(Nc1cccc(-c2cccc(-c3ccc4c(c3)OCCO4)n2)c1)C1=COc2ccc(Cl)cc2C1,-10.3803421067019
N#Cc1cccc(C(=O)Nc2cccc(-c3cccc(-c4ccc(F)cc4F)n3)c2)c1,-4.91566417645592
COc1cccc(-c2cc(-c3ccc(C(=O)N[C@H](C)c4cccc(OC)c4)cc3)n[nH]2)c1,-8.11904286132741
O=C(COc1ccc(Cl)cc1)Nc1ccc(-c2cccc(-c3ccc4c(c3)OCCO4)n2)cc1,-6.83719354112358
N#Cc1ccc(NC(=O)c2cccc(-c3nc(-c4cccc(F)c4)no3)c2)cc1,-4.71498483735509
Cc1nc(C(F)(F)F)ccc1C(=O)Nc1ccc(-c2cccc(-c3ccc4c(c3)NC(=O)CO4)n2)cc1,-5.08189488108058
O=C(NCCC(c1ccccc1)c1ccccc1)c1ccc(-c2cc(-c3ccccc3)n[nH]2)cc1,-9.10214666577719
O=C(CCc1c[nH]c2ccccc12)Nc1cccc(OCc2nnc(-c3ccc(Cl)cc3)o2)c1,-10.8687805651181
Cc1cc(Nc2cccc(C(F)(F)F)c2)nc2ccc(NC(=O)c3cncc(Br)c3)cc12,-7.81807097099695
O=C(NCc1cccs1)c1ccc(CN2C(=O)CCn3nc(-c4cccc(Cl)c4)cc32)cc1,-9.03504005755714
CCOc1ccccc1NC(=O)c1ccc(-c2cnc(NCc3ccccc3)nc2)cc1,-8.27678011451107
CC[C@@H](C(=O)NCc1ccc(-c2[nH]c(-c3cccc(OC)c3)c[nH+]2)cc1)c1ccccc1,-9.77060767451615
COc1ccc(Cl)cc1NC(=O)c1cccc(-c2cnc(Oc3ccc(F)cc3)nc2)c1,-7.69047048251126
O=C(Nc1ccc(SCc2nnc(-c3ccccc3)o2)cc1)Nc1cccc(C(F)(F)F)c1,-9.94448694107083
CC(C)c1nc(-c2ccc(O[C@@H]3CCN(C(=O)CCc4c[nH]c5ccccc45)C3)cc2)no1,-9.97007123348704
COc1ccccc1Oc1cc(-c2ccc(C(=O)N[C@@H]3CCCc4ccccc43)cc2)ncn1,-8.84733907128246
COc1ccc(Cl)cc1NC(=O)c1ccc(Nc2cc(-c3ccc(F)cc3)ncn2)cc1,-9.25878307203044
CCC(=O)Nc1ccc(Cc2nc3cc(C(=O)NCc4ccc(C)cc4)ccc3[nH]2)cc1,-9.51481889791084
O=C(N[C@@H]1C[C@@H]1c1ccccc1)c1cncn1-c1cccc(-c2ccc(Oc3ccccc3)cc2)c1,-9.49577501008035
O=C(Nc1ccc(-c2cccc(-c3ccc4c(c3)OCCO4)n2)cc1)c1ccc(F)c(Cl)c1,-8.28609755371219
COc1ccc(NC(=O)c2ccc(Nc3cc(-c4cccc(F)c4)ncn3)cc2)cc1,-8.6105565280959
O=C(N[C@@H]1CCCc2ccccc21)c1ccc(CSc2nc3ccncc3n2Cc2ccccc2)cc1,-8.49066370967772
O=C(N[C@@H]1CCCc2ccccc21)c1ccc(Cn2c(SCc3ccccc3)nc3ccncc32)cc1,-8.88966565432566
COc1ccc(Oc2ncc(-c3ccc(C(=O)N[C@H]4CCCc5ccccc54)cc3)cn2)cc1,-7.31045802125661
CCNc1cc(C)[nH+]c(Nc2ccc(NC(=O)c3ccc(-c4ccccc4)cc3)cc2)n1,-6.61253192974637
CCC(=O)Nc1ccc(CCc2nc3ccc(C(=O)Nc4cccc(SC)c4)cc3[nH]2)cc1,-9.31638414057823
COc1cccc(NC(=O)c2ccc(Nc3ncc(-c4cccc(F)c4)cn3)cc2)c1,-9.83371812498921
C[C@H](c1ccccc1)N(CC(=O)N1CCCN(c2ccc(-c3ccccc3)nn2)CC1)C(=O)Nc1cccc(Cl)c1,-10.0617542385045
O=C(N[C@H]1CCc2ccccc21)c1ccc(-c2cc(-c3ccc(Cl)cc3)n[nH]2)cc1,-9.27192843199084
Cc1cc(Nc2cccc(C(F)(F)F)c2)nc2ccc(NC(=O)c3ccc(=O)[nH]c3)cc12,-6.86025406448955
CCCc1nc2cc(CCC(=O)NCc3cccc(C(F)(F)F)c3)ccc2[nH]1,-10.0170433102089
C[C@@H](CCc1ccccc1)NC(=O)C1CCN(c2ncnc3c2sc2cccc(F)c23)CC1,-8.68159667253215
COc1ccc(-c2nc(-c3cccc(-c4cc[nH]n4)c3)no2)cc1F,-8.70533086881135
COc1ccc(Oc2cc(-c3cccc(C(=O)N[C@H]4CCCc5ccccc54)c3)ncn2)cc1,-9.72307517097298
CC(C)CNC(=O)c1cccc(Nc2ccc(-c3ccccc3)nn2)c1,-8.48153667523857
O=C(Nc1cc(F)cc(F)c1)c1ccc(Nc2cc(-c3ccc(F)cc3)ncn2)cc1,-9.10371467655834
O=C(N[C@H]1CCCc2ccccc21)C1CCN(c2ccc(-c3ccc(F)cc3)nn2)CC1,-9.97464366484218
O=C(Nc1ccc(Oc2ccccc2)cc1)[C@@H]1CCCN(c2ncc(-c3cccc(F)c3)cn2)C1,-11.1460529770774
COc1ccc(NC(=O)c2cccc(Nc3ncc(-c4cccc(F)c4)cn3)c2)cc1Cl,-8.0362789863419
COc1cccc(NC(=O)c2ccc(Nc3cc(-c4cccc(F)c4)ncn3)cc2)c1,-9.77431848472256
O=C(Nc1ccc(CCc2nc3ccccc3[nH]2)cc1)c1cc(-c2ccncc2)nc2ccccc12,-4.82175887042793
O=C(Nc1ccc(CCc2nc3ccccc3[nH]2)cc1)c1cc(-c2ccccc2)nc2ccccc12,-9.41724853582265
O=C(Nc1cccc(-c2cccc(-c3ccc(F)cc3)n2)c1)c1c(F)cccc1F,-9.44662468222812
Cc1ccc(NC(=O)c2ccc(Nc3cc(-c4ccc(F)cc4)ncn3)cc2)cc1Cl,-9.30901228938302
O=C(CC[C@H]1NC(=O)N(CCc2ccccc2)C1=O)NCc1nc2ccccc2[nH]1,-10.3061707720032
Cc1cccc(-c2cnc(N3CCC(C(=O)N[C@@H](C)CCc4ccccc4)CC3)nc2)c1,-10.2940514140027
O=C(C[C@@H]1Oc2ccccc2NC1=O)NCCCN1CC[NH+](Cc2ccccc2)CC1,-7.92142151717611
CNC(=O)N1CCC[C@H](c2cccc(C(=O)NCc3ccc(Br)cc3)c2)C1,-9.60700159747965
COc1cccc(-c2cc(-c3ccc(C(=O)N[C@@H]4CCc5ccccc54)cc3)n[nH]2)c1,-8.70004132863662
CCOC(=O)c1cccc(NC(=O)N2CCC(CCc3ccc(-c4ccccc4)cc3)CC2)c1,-9.29273289240282
C[C@@H](CCc1ccccc1)NC(=O)c1ccc(-c2cc(-c3ccc(N4CCCCC4)cc3)n[nH]2)cc1,-6.71280220639707
O=C(N[C@@H]1CCCc2ccccc21)c1ccc(-c2cc(Oc3ccccc3)ncn2)cc1,-8.78453255425442
CC(C)CCNC(=O)c1ccc(Nc2ncc(-c3cccc(F)c3)cn2)cc1,-9.70588304208884
COc1ccc(NC(=O)c2cccc(Nc3ncc(-c4cccc(C)c4)cn3)c2)cc1Cl,-9.08541907122704
CCNC(=O)N1CCC[C@H](c2cccc(C(=O)NC[C@H]3CCCO3)c2)C1,-9.20237872792532
C[C@H](CCc1ccccc1)NC(=O)c1cncn1-c1cccc(-c2cccc(Cl)c2)c1,-9.09370951967065
CCC(C)(C)NC(=O)c1ccc(Nc2cc(-c3cccc(F)c3)ncn2)cc1,-9.71281684085531
O=C(NCc1cccc(C(F)(F)F)c1)c1coc(C[NH+]2CCN(C(c3ccccc3)c3ccccc3)CC2)n1,-7.25083997282042
O=C(N[C@H]1CCCc2ccccc21)c1ccc(-c2cnc(Oc3ccc(F)cc3)nc2)cc1,-9.18972512330506
COc1cccc(-c2cc(-c3ccc(C(=O)N[C@@H]4CCCc5ccccc54)cc3)[nH]n2)c1,-8.432739689463
CCC(=O)Nc1cccc(-c2noc(C3CCN(C(=O)CCc4c[nH]c5ccccc45)CC3)n2)c1,-4.63395244771915
Cc1cccc(-c2ccc(N3CCC(C(=O)Nc4ccc(Oc5ccccc5)cc4)CC3)nn2)c1,-9.52445114687069
Cc1ccc2c(c1)NC(=O)[C@@H](CC(=O)NCCC[NH+]1[C@H](C)CCC[C@H]1C)O2,-9.84152275478977
O=C(N[C@@H]1CCCc2ccccc21)c1ccc(-c2cnc(NCc3ccccc3)nc2)cc1,-9.5554876891493
CNC(=O)N1CCC[C@H](c2cccc(C(=O)NCc3cccc(Br)c3)c2)C1,-9.66747379650809
C[C@H](NC(=O)c1ccc(-c2cc(-c3cccc(C(F)(F)F)c3)[nH]n2)cc1)c1ccccc1,-9.82249984551101
O=C(NCc1ccc(Cl)cc1)c1ccc(-c2cc(-c3ccc(N4CCCCC4)cc3)[nH]n2)cc1,-6.47739436691126
C[C@@H](CCc1ccccc1)NC(=O)c1ccc(-c2ccc(Oc3ccccc3)cc2)s1,-10.0551034685073
O=C(Nc1cccc(Cl)c1)c1ccc(Nc2cc(-c3ccc(F)cc3)ncn2)cc1,-8.63179575173645
NC(=O)C1CCN(C(=O)CCc2c(-c3ccc(Cl)cc3)nc3ccc(-c4cccc(C(F)(F)F)c4)cn23)CC1,-10.0969575128538
COc1ccc(CNC(=O)[C@H](C)C2CCN(C(=O)c3sc(-c4ccc(F)cc4)nc3C)CC2)cc1,-10.4153394448887
CC(C)CNC(=O)c1cccc(Nc2ncc(-c3ccc(F)cc3)cn2)c1,-9.80360407583942
O=C(c1ccc(-c2cc(-c3cccc(C(F)(F)F)c3)[nH]n2)cc1)N1CC=C(c2ccccc2)CC1,-8.97382943557787
Cc1cccc(-c2cc(N3CCC(C(=O)NC[C@H]4CCCO4)CC3)ncn2)c1,-8.79245291358501
CN(CCc1noc(-c2ccc(C(=O)N3CCCC3)cc2)n1)C(=O)NCc1cccc(F)c1,-5.73620179262796
Cc1cc(N2CCC(C(=O)N[C@H](C)CCc3ccccc3)CC2)n2nc(-c3ccc(F)cc3)cc2n1,-9.24212657899921
Cc1ccc([C@@H](C)NC(=O)c2cccc(-c3cnc(Oc4ccccc4)nc3)c2)cc1,-9.88257088687396
CNC(=O)N1CCC[C@@H](c2cccc(C(=O)NCc3cccc(C(F)(F)F)c3)c2)C1,-9.94228234553309
O=C(NC[C@@H]1CCCO1)C1CC[NH+](Cc2cc3ccccc3n2Cc2ccc(F)cc2)CC1,-8.92558238936399
COc1cccc(-c2cc(-c3ccc(C(=O)NCCC[N@@H+]4CCCC[C@@H]4C)cc3)[nH]n2)c1,-9.87512401444383
O=C(Nc1ccccc1)c1ccc(Nc2cc(-c3ccc(F)cc3)ncn2)cc1,-9.67691556375307
C[C@H]1CCCC[C@@H]1NC(=O)c1ccc(CSc2nc3ccncc3n2Cc2cccc(F)c2)cc1,-7.11523859340145
CC(C)NC(=O)N1CCC[C@@H](c2cccc(C(=O)NC[C@@H]3CCCO3)c2)C1,-9.32131603016872
CC(C)(C)NC(=O)c1ccc(Nc2cc(-c3ccc(F)cc3)ncn2)cc1,-9.29281950433269
O=C(CCCc1c[nH]c2ccccc12)N1CCC(c2noc(COc3ccc(F)cc3)n2)CC1,-9.36235304726048
O=C(NCc1ccc(F)c(F)c1)c1ccc(-c2n[nH]c3c2CCCc2ccccc2-3)cc1,-8.12185287616799
Nc1ccc(CCNC(=O)c2ccc(-c3cc(-c4ccc(Cl)cc4)n[nH]3)cc2)cc1,-9.72409933420129
CCc1nc(-c2cccc(NC(=O)c3ccc(NC(=O)c4ccccc4)cc3)c2)no1,-7.68368021658498
C[C@H](CCc1ccccc1)NC(=O)CCS(=O)(=O)c1cc2c(cc1Cl)NC(=O)CO2,-8.73539112704452
O=C(NC1CC[NH+](Cc2ccccc2)CC1)C1CCN(c2cc(-c3ccc(F)cc3)ncn2)CC1,-8.7899543086277
Cc1ccc(-c2ccc(N3CCC(C(=O)N[C@H](C)CCc4ccccc4)CC3)nn2)cc1,-9.65322965154191
O=C(Nc1ccccc1)c1ccc(Nc2ncc(-c3cccc(F)c3)cn2)cc1,-7.24093405261139
Cn1c(CCc2cccc(NC(=O)CCc3nc4ccccc4[nH]3)c2)nc2ccccc21,-8.28212834613712
O=C(Nc1cccc(Cl)c1)c1cccc(-c2cnc(Oc3ccccc3)nc2)c1,-7.73766005751424
Cc1ccc2nc(CCc3cccc(NC(=O)CN4C(=O)COc5ccc(Cl)cc54)c3)[nH]c2c1,-9.11090239481514
COc1ccc(C(=O)N2CCC[C@H](c3cccc(C(=O)NCc4ccc(SC)cc4)c3)C2)cc1,-10.1466743517797
O=C(NCc1cccc(Br)c1)c1cccc([C@H]2CCCN(C(=O)Nc3ccccc3)C2)c1,-9.65473765528704
COc1cccc(CNC(=O)c2ccc(-c3cc(-c4ccc(N5CCCCC5)cc4)[nH]n3)cc2)c1,-5.50067876801155
CC1CC[NH+](CCCNC(=O)c2cccc(-c3nc(-c4ccccc4)no3)c2)CC1,-10.3347042875699
O=C(NC[C@@H]1CCCO1)C1CCN(c2cc(-c3cccc(F)c3)ncn2)CC1,-9.13884012142921
C[C@H](CCc1ccccc1)NC(=O)c1ccc(-c2cc(N3CCCC3)ncn2)cc1,-9.01756891932492
O=C(NCCc1ccccc1)c1ccc2nc(-c3ccc(F)cc3)c(-c3ccc(F)cc3)nc2c1,-9.1340316658696
COc1ccc(Oc2ccc(-c3cccc(C(=O)NCCC(C)C)c3)nn2)cc1,-8.66389600720177
CCCCCNC(=O)c1cccc(Nc2ncc(-c3ccc(F)cc3)cn2)c1,-8.63199923274302
CCC(C)(C)NC(=O)c1cccc(Nc2ncc(-c3ccc(F)cc3)cn2)c1,-9.28996201591905
COc1ccc(Oc2cc(-c3cccc(C(=O)NCCC(C)C)c3)ncn2)cc1,-8.94112454415324
O=C(NCCCCc1ccccc1)c1ccc(-c2cc(-c3ccc4c(c3)OCCO4)n[nH]2)cc1,-7.71746915144715
Cc1nc(-c2cccc(-c3noc(CCc4c[nH]c5ccccc45)n3)c2)cs1,-10.7115491388119
COc1cccc(Oc2cc(-c3cccc(C(=O)NCc4ccccc4C)c3)ncn2)c1,-10.3826627227158
O=C(NCCC[NH+]1CCCC1)c1cccc(Nc2cc(-c3ccccc3)ncn2)c1,-10.2974687719708
O=C(NCCC1=CCCCC1)c1ccc2c(c1)NC(=O)[C@@H](CS(=O)(=O)Cc1ccc(F)cc1)N2,-9.35338556334893
O=C(Nc1cc(F)cc(F)c1)c1ccc(Nc2cc(-c3ccccc3)ncn2)cc1,-9.39054550459326
O=C1COc2ccc(-c3cccc(-c4cccc(NC(=O)c5cc6ccccc6s5)c4)n3)cc2N1,-10.2876708217044
O=C(NC1CC[NH+](Cc2ccccc2)CC1)C1CCN(c2cc(-c3ccccc3)ncn2)CC1,-8.37854294500616
COc1cc2c(cc1OC)CN(C(=O)c1ccc(-c3cc(-c4cccc(C(F)(F)F)c4)n[nH]3)cc1)CC2,-9.26688708370524
Cc1ccc(-c2cc(N3CCC(C(=O)NC4CC[NH+](Cc5ccccc5)CC4)CC3)ncn2)cc1,-8.34941743121168
COc1ccc(CNC(=O)N2CCN(Cc3nc4cc(-c5ccccc5)ccc4o3)CC2)cc1,-8.56637839132279
COc1ccc2c(c1)C[C@H](C(=O)NCCC[NH+]1CCC(Cc3ccccc3)CC1)CO2,-9.63607161191736
O=C(N[C@H]1CCCc2ccccc21)c1ccc(-c2cc(-c3ccccc3)[nH]n2)cc1,-8.83233369514192
O=C(NC[C@H]1CCCO1)c1cccc(Oc2cc(-c3cccc(F)c3)ncn2)c1,-8.73361180924587
O=C(Nc1ccccc1)c1cccc(-c2nc(-c3ccc(F)cc3)no2)c1,-7.42776443667246
COc1ccc(CNC(=O)c2cccc(-c3ccc(N4CCCC4)nc3)c2)cc1,-8.22569217203427
CC(C)CNC(=O)c1cccc(Nc2ccc(-c3cccc(F)c3)nn2)c1,-8.72456180135637
O=C(NCc1cccc(C(F)(F)F)c1)C1CCN(Cc2noc(-c3ccc(F)cc3)n2)CC1,-11.1000179344579
Nc1ccc(CCNC(=O)c2ccc(-c3cc(-c4ccc(Cl)cc4Cl)[nH]n3)cc2)cc1,-9.236256983171
O=C(N[C@H]1CCCc2ccccc21)c1cccc(Nc2ccc(-c3ccccc3)nn2)c1,-9.85716670524118
O=C(NCc1ccc(F)cc1)c1ccc(-c2cnc(NC3CCCCC3)nc2)cc1,-8.74816861087969
O=C(NCCC1=CCCCC1)c1ccc(-c2ccc(NCc3ccccc3)nn2)cc1,-8.59497444236328
O=C(NCC[NH+]1CCCC1)c1cccc(-c2nc(-c3cccc(F)c3)no2)c1,-9.9840176370268
O=C(COc1ccccc1)Nc1ccc(N2CCC[N@H+](Cc3cccc(C(F)(F)F)c3)CC2)nc1,-10.4626794691281
O=C(NCc1ccc(F)cc1)N1CCC[C@H](c2nc(C3CCOCC3)no2)C1,-8.80727372590822
Cc1ccc(CNC(=O)c2ccc(CSc3nc4cccnc4n3Cc3ccccc3F)cc2)cc1,-8.81156598177952
O=C([O-])c1ccc2c(c1)nc(CCNC(=O)c1cccc(F)c1)n2Cc1cccc(C(F)(F)F)c1,-8.5792512013625
Cc1ccc(-c2nccc(N3CCC(C(=O)N[C@@H](C)CCc4ccccc4)CC3)n2)cc1,-8.3273270791018
O=C(NC1CC[NH+](Cc2ccccc2)CC1)C1CCN(c2cc(C(F)(F)F)ncn2)CC1,-7.59602284096046
O=C(C[C@@H]1CCOC2(CCN(C(=O)CCc3nc4ccccc4[nH]3)CC2)C1)NCc1ccccc1,-8.63694005421429
O=C(NCCC[NH+]1CCC(Cc2ccccc2)CC1)[C@H]1CCCN(c2nc3cc(Cl)ccc3[nH]2)C1,-10.6049976151853
O=C(NC[C@@H]1CCCO1)c1ccc(-c2ccc(Oc3ccc(F)cc3)nn2)cc1,-9.06517062919811
O=C(Nc1ccc(F)c(Cl)c1)c1ccc(Nc2ccnc(-c3cccc(F)c3)n2)cc1,-8.79797561608069
O=C(N[C@@H]1CCCc2ccccc21)[C@@H]1CCCN(c2ccnc(-c3ccc(F)cc3)n2)C1,-8.96000969138406
O=C(CCc1ccc(CC2CC[NH+](Cc3c[nH]c4ccccc34)CC2)cc1)N1CCCC1,-8.95565102005313
C[C@H](CCc1ccccc1)NC(=O)C1CCN(c2ccc(-c3ccccc3)nn2)CC1,-10.2102238057788
O=C(CC1CCN(C(=O)c2ccc3oc(-c4ccccc4)nc3c2)CC1)NC[C@@H]1CCCO1,-9.14571710361255
Cc1ccc(NC(=O)c2ccc(Nc3ncc(-c4cccc(F)c4)cn3)cc2)cc1,-6.99342987005984
CC(C)c1ccc(CNC(=O)c2ccc(-c3cnc(NC4CCCCC4)nc3)cc2)cc1,-6.01602236158136
O=C(NCCC1=CCCCC1)c1ccc(Nc2cc(-c3ccccc3)ncn2)cc1,-10.8540158801091
Cc1cccc(-c2ccc(N3CCC(C(=O)N[C@@H]4CCCc5ccccc54)CC3)nn2)c1,-9.69554679016615
O=C(NCC1CC1)c1cccc(OC2C[NH+](Cc3cccc(F)c3)C2)c1,-8.65522657789129
O=C(Nc1cccc(F)c1)c1ccc(N2CC[C@H]([NH2+]Cc3ccc(Cl)cc3)C2)nc1,-10.1142323970796
Cc1cccc(-c2cc(Nc3ccc(C(=O)N4CCCC4)cc3)ncn2)c1,-8.65483426013865
O=C(NCCC[NH+]1CCCC1)[C@@H]1CCCN(c2ncc(-c3cccc(F)c3)cn2)C1,-9.44914547989722
O=C(NCc1ccc(F)c(F)c1)c1ccc(-c2cc(-c3ccc(Cl)cc3Cl)n[nH]2)cc1,-9.28749915973371
CCCCc1ccc(NC(=O)c2ccc(Nc3cc(-c4ccc(F)cc4)ncn3)cc2)cc1,-8.90349986998831
C[C@H]1CCCC[N@H+]1CCCNC(=O)c1ccc(-c2cc(-c3cccc(C(F)(F)F)c3)n[nH]2)cc1,-10.8623521803322
O=C(NCc1ccc(Cl)cc1)c1ccc(-c2cnc(NC3CCCCC3)nc2)cc1,-9.32699242201799
CC(=O)Nc1ccc(Oc2ccc(-c3noc(-c4cccc(F)c4)n3)cc2)cc1,-7.40051971842265
O=C(Cc1cccc(F)c1)NCC1CCN(c2cc(-c3cccnc3)[nH]n2)CC1,-8.01871237092576
Cc1cccc(-c2ccc(Nc3ccc(C(=O)N(C)C4CCCCC4)cc3)nn2)c1,-9.97164446748
O=C(NCC[NH+]1CCCC1)c1ccc(CN2C(=O)CCn3nc(-c4cccc(Cl)c4)cc32)cc1,-9.6780027325144
Cc1ccc(-c2nccc(N3CCC(C(=O)NC4CC[NH+](Cc5ccccc5)CC4)CC3)n2)cc1,-9.25013184540455
CCCCNC(=O)c1cccc(-c2ccc(Oc3ccc(F)cc3)nn2)c1,-7.84053788472231
O=C(CC1CCN(C(=O)c2ccc3nc(-c4ccccc4)oc3c2)CC1)NC[C@@H]1CCCO1,-10.7585172840906
Cc1cccc(-c2cnc(Nc3cccc(C(=O)Nc4ccc(F)cc4)c3)nc2)c1,-8.59282399843954
C[C@H](CCc1ccccc1)NC(=O)c1ccc(-c2cnc(N3CCCC3)nc2)cc1,-8.95926928304037
Cc1nc([C@H]2CC[N@@H+](Cc3ccc(F)cc3F)C[C@H]2NC(=O)C2CCOCC2)n[nH]1,-7.55104627044896
O=C(NC1CC[NH+](Cc2ccccc2)CC1)[C@@H]1CCCN(c2ncc(-c3ccccc3)cn2)C1,-9.60287258328845
O=C(Nc1cc(C(=O)N2CCC(Cc3ccccc3)CC2)ccc1N1C[C@@H]2C[C@H](C1)Cn1c2cccc1=O)c1cccc(C(F)(F)F)c1,-9.57744957697717
C[C@H](CCc1ccccc1)NC(=O)c1ccc(-n2nc(Sc3ccc(F)cc3)ccc2=O)cc1,-10.3635662554278
Cc1cc(C)cc(NC(=O)c2ccc(Nc3cc(-c4ccc(F)cc4)ncn3)cc2)c1,-9.27563229855337
O=C(Nc1ccc(OCc2cc(C(=O)NCc3ccccc3)no2)cc1)c1ccc(F)cc1,-8.95443795238256
O=C(NC1CCCCCC1)c1cccc(Nc2ccc(-c3cccc(F)c3)nn2)c1,-9.76746700006539
C[C@H](CCc1ccccc1)NC(=O)c1cnn(-c2ccc(F)cc2)c1,-6.66738559587401
O=C(NC[C@@H]1CCCO1)c1ccc(-c2cnc(Oc3ccc(F)cc3)nc2)cc1,-8.53948287724296
COCCNC(=O)CC1CCN(C(=O)c2sc(-c3ccc(F)cc3)nc2C)CC1,-8.97248940512809
O=C(NCC1CC1)c1cccc(OC2C[NH+](Cc3ccc(OC(F)(F)F)cc3)C2)c1,-9.71369195715064
Cc1cc(C)cc(NC(=O)c2ccc(-c3cc(Oc4ccccc4)ncn3)cc2)c1,-8.42118316537839
O=C(Nc1ccc(-c2cccc(-c3ccc4c(c3)OCCO4)n2)cc1)C1=COc2ccc(Cl)cc2C1,-7.23178526066093
Cc1nn(-c2ccccc2)c2c1-c1sc(C(=O)NCCC[N@@H+]3CCCC[C@@H]3C)cc1CC2,-7.6973790204928
COc1ccc2cc3cc(C(=O)NCC4CC[NH+](Cc5cc(C)ccc5C)CC4)sc3nc2c1Cl,-11.0195809953687
C[NH+]1C(C)(C)CC(NC(=O)c2ccc(-c3cc(-c4cccc(C(F)(F)F)c4)[nH]n3)cc2)CC1(C)C,-6.05642902967531
C[C@@]1(O)COC2(CN(C(=O)c3ncoc3-c3cccc(C(F)(F)F)c3)C2)C1,-8.95117518944615
CC(C)(C)c1ccc([C@H](CC(=O)NCCC[NH+]2CCOCC2)c2c[nH]c3ccccc23)cc1,-9.55597104836375
Cc1nc2ccc(Cl)cc2c(-c2ccccc2)c1C1=NN(C(=O)CCC(=O)[O-])[C@@H](c2ccccc2F)C1,-5.56513390245225
Cc1cccc(NC(=O)Cc2ccc(NCc3cccc(Oc4ccccc4)c3)cc2)c1,-9.95192073197668
Cc1nn(-c2ccccc2)c2c1-c1sc(C(=O)NCCC[NH+]3CCCC3)cc1CC2,-7.39280876777011
Cc1ccc2cc3cc(C(=O)NCCC[NH+]4CCN(Cc5ccccc5)CC4)oc3nc2c1,-8.64401320761901
COC(=O)C1=C(N)OC2=C(C(=O)CC(C)(C)C2)[C@@H]1c1cccc(C)c1,-6.21532755012284
Cc1nc(-c2cccc(-c3noc(-c4ccc5cc[nH]c5c4)n3)c2)cs1,-9.45173231670556
O=C1Nc2cc(C(=O)N3CCN(c4cccc(C(F)(F)F)c4)CC3)ccc2N[C@@H]1CSCc1c(F)cccc1Cl,-10.2450741221568
FC(F)(F)c1cccc(-c2ccc(C[NH2+]CCN3CCOCC3)o2)c1,-9.56286775096431
O=C(Cc1c[nH]c2ccccc12)N1CCC[C@H](c2nc(CCOCC3CC3)no2)C1,-10.2372941899061
COc1ccc2cc3n(c2c1)C[C@@](C)(C(=O)NCCC[N@@H+]1C[C@@H](C)C[C@@H](C)C1)N(Cc1cccc(Br)c1)C3=O,-8.31330346048903
CCc1cccc2c([C@@H](CC(=O)N3CCN(c4ccccc4OC)CC3)c3cccc(C(F)(F)F)c3)c[nH]c12,-9.95716187795526
CC[NH+]1CCN(C(=O)C[C@H](c2cccc(C(F)(F)F)c2)c2c[nH]c3ccc(OC)cc23)CC1,-8.86093682351529
C=CCN1C(=O)N[C@H](c2cccc(Cl)c2)C2=C1CN(CC(=O)N1CCN(CCc3ccccc3)CC1)C2=O,-9.36579493136631
COc1ccc([C@@H](C)NC(=O)c2cccc([C@@H]3CCCN(C(=O)NC(C)C)C3)c2)cc1,-10.0363503224315
CC(C)NC(=O)N1CCC[C@H](c2cccc(C(=O)N[C@@H](C)c3ccc(F)cc3)c2)C1,-9.97964950204169
Cn1cnc2ccc(-c3noc(CCc4c[nH]c5ccccc45)n3)cc21,-9.32111941352951
COc1ccc2cc(C(=O)N3CCC([C@H](C)C(=O)NCC[N@H+](C)C4CCCCC4)CC3)[nH]c2c1,-9.16763081435711
CC(C)CC(=O)Nc1ccc2c(c1)cc(C(=O)NCc1ccccc1)n2Cc1ccc(C(F)(F)F)cc1,-5.60345461664692
CC(C)(C)C(=O)N1CCc2ccc(OCc3ccc(C(=O)NC[C@H]4CCCO4)o3)cc2[C@@H]1c1ccccc1,-9.80097724946948
C[C@H](C(=O)NCC[C@@H](C)[NH+]1CCCCCC1)C1CCN(C(=O)c2cc3cc(Cl)ccc3[nH]2)CC1,-9.90035405296593
Clc1ccc(CC[NH2+][C@H](c2ccc(Br)cc2)c2nnc(-c3ccccc3)o2)cc1,-8.45307456532103
Nc1c(C(=O)NCCc2c[nH]c3ccccc23)sc2nc(-c3cccnc3)ccc12,-7.71693808485726
CC(C)NC(=O)N1CCC[C@H](c2cccc(C(=O)NCC[N@@H+]3CCCC[C@@H]3C)c2)C1,-10.0433165373409
C[C@@H]1CCCC[N@H+]1CCCNC(=O)c1ccc(-c2ccc(N3CCCC3)nn2)cc1,-7.48015017167317
CNC(=O)N1CCC[C@@H](c2cccc(C(=O)N[C@@H](C)c3ccc(C)cc3C)c2)C1,-9.32626461191149
CCN1C(=O)N[C@H](c2ccc(Cl)cc2Cl)C2=C1CN(CCC(=O)N1CC[NH+](CCc3ccccc3)CC1)C2=O,-9.69209492094022
CC[C@H]1CCCC[N@H+]1CCCNC(=O)c1ccc2cnn(Cc3ccc(F)cc3)c2c1,-9.43339657647841
C[C@@H]1CCCC[N@@H+]1CCCNC(=O)[C@@H]1CCCN(c2ccc(-c3ccccc3)nn2)C1,-10.1421334103475
CCc1ccc([C@H](C)NC(=O)c2cccc([C@H]3CCCN(C(=O)NC)C3)c2)cc1,-10.1831916241846
O=C(NCCC[NH+]1CCC(Cc2ccccc2)CC1)[C@H]1CCCN(c2nc3ccccc3[nH]2)C1,-10.5061021805124
CC(C)c1nc2ccc(C(=O)NCCC[NH+]3CCN(c4ccccc4)CC3)cc2o1,-9.11566214414439
Cc1cc(C)cc(Nc2cc(C(=O)NCCC[NH+]3CCN(c4cccc(Cl)c4)CC3)c3ccccc3n2)c1,-8.80080110006979
C[N@H+](CCNC(=O)c1cccc([C@H]2CCCN(C(=O)Nc3ccc(Cl)cc3)C2)c1)C1CCCCC1,-11.1125705023625
O=C([N-]c1nnc([C@H]2CC(=O)N(c3ccc(F)cc3)C2)o1)c1ccc(C(F)(F)F)cc1,-10.1582328607171
CSc1ccc(CCNC(=O)c2ccc(CSc3nc4cnccc4[nH]3)cc2)cc1,-11.609825417016
CC(C)NC(=O)N1C[C@@H](C(=O)N2CC[NH+](C)CC2)[C@@H](c2cccc(C(F)(F)F)c2)C1,-8.96864959408602
C[C@H](C(=O)NCCC[N@@H+]1CCCC[C@H]1C)C1CCN(C(=O)c2cc3cc(Cl)ccc3[nH]2)CC1,-10.1713496640037
Cn1c[nH+]c2cc(-c3noc(CCc4c[nH]c5ccccc45)n3)ccc21,-7.23871920344514
COc1ccc2cc(C(=O)N3CCC(Cc4ccc(CN5CC[NH+](C)CC5)cc4)CC3)[nH]c2c1,-8.44916424298989
Clc1cccc([C@@H](NCCc2ccccc2)c2nnc(-c3ccccc3)o2)c1,-7.83136782700709
O=C(NCC[NH+]1CCCCCC1)c1ccc2nc(CCc3ccccc3)oc2c1,-8.67414123656791
CN1C(=O)N[C@H](c2ccccc2Cl)C2=C1CN(CC(=O)NCc1cccc(C(F)(F)F)c1)C2=O,-9.37890497243114
O=C(NCC[NH+]1CCCC1)c1ccc(C[NH+]2CCC(Cc3ccccc3)CC2)cc1,-10.1975274283075
Cc1onc(-c2cccc(Br)c2)c1C(=O)NCCC1=CCCCC1,-8.25848931144873
CN1C(=O)c2cccn2C[C@@H]1C(=O)NCC1CC[NH+](Cc2cccc(F)c2)CC1,-9.3303093984068
O=C(NCc1ccccc1)N1CC(Oc2ccc(-c3noc(-c4ccccc4)n3)cc2)C1,-8.85149548378302
O=C(NCc1ccccc1)N1CC(Oc2ccc(-c3nc(-c4ccccc4)no3)cc2)C1,-8.60679162067394
CC(C)NC(=O)N1CCC[C@@H](c2cccc(C(=O)NCC[NH+](C)C)c2)C1,-9.26385913468926
C[C@H]1CCCC[N@@H+]1CCNC(=O)C1CCN(c2ccc(-c3ccccc3)nn2)CC1,-9.91347749060657
O=C(NCC[NH+]1CCCC1)c1ccc2nc(CCc3ccccc3)oc2c1,-9.5430318476476
O=C(NCCC[NH+]1CCCC1)c1ccc2nc(-c3ccc(F)cc3)c(-c3ccc(F)cc3)nc2c1,-8.96246652692213
CC(C)CC(=O)Nc1ccc(N2CC[NH+](Cc3cccc(C(F)(F)F)c3)CC2)nc1,-7.73843793554066
CC1CC[NH+](CCCNC(=O)c2ccc(-c3nc(-c4ccc(F)cc4)no3)cc2)CC1,-11.4519001979347
O=C(CC1CCN(C(=O)c2ccc3oc(-c4ccccc4)nc3c2)CC1)NC1CCCC1,-8.2995716737862
CC[C@H](C)NC(=O)Cc1nnc(-c2cccc(C)c2)o1,-8.57903683572579
CCc1ccc([C@H](C)NC(=O)c2cccc([C@H]3CCCN(C(=O)NC(C)C)C3)c2)cc1,-10.3265492182563
Cc1nc2cc(-c3noc(CCc4c[nH]c5ccccc45)n3)ccc2o1,-8.63536072802884
C[C@H]1CCC[N@@H+](CCCNC(=O)[C@H](C)C2CCN(C(=O)c3cc4cc(Cl)ccc4[nH]3)CC2)C1,-10.1149692526276
CC(=O)C1(c2ccccc2)CC[NH+](Cc2nc(C(=O)NCc3cccc(C(F)(F)F)c3)cs2)CC1,-9.68200104443254
Cc1ccc(Nc2cc(C(=O)NCCC[NH+]3CCN(c4cccc(Cl)c4)CC3)c3ccccc3n2)c(C)c1,-6.69374989135475
C[C@H]1CCCC[N@@H+]1CCCNC(=O)c1csc(NC(=O)c2cccc(C(F)(F)F)c2)n1,-9.3380036549979
C[C@@H](C(=O)NC1CCCCC1)C1CCN(C(=O)c2ccc3nc(-c4ccccc4)oc3c2)CC1,-9.30322987712177
C[C@@H](C(=O)NCC[C@@H](C)[NH+]1CCCC1)C1CCN(C(=O)c2cc3cc(Cl)ccc3[nH]2)CC1,-9.84984993650005
C[C@@H](C(=O)NC1CCCCC1)C1CCN(C(=O)c2ccc3oc(-c4ccccc4)nc3c2)CC1,-8.45486667679777
CC[NH+]1CCN(CCNC(=O)[C@@H](C)C2CCN(C(=O)c3cc4ccc(OC)cc4[nH]3)CC2)CC1,-9.02904199820592
C[C@@H](C(=O)NC1CCCCCC1)C1CCN(C(=O)c2ccc3nc(-c4ccccc4)oc3c2)CC1,-9.05763048855032
COc1ccc2cc(C(=O)N3CCC([C@@H](C)C(=O)NCC[N@H+]4CCCC[C@H]4C)CC3)[nH]c2c1,-10.1151424012208
Cc1ccc(-c2nc3cc(C(=O)N4CCC([C@H](C)C(=O)NC5CCCC5)CC4)ccc3o2)cc1,-8.7494071824254
C[C@@H](C(=O)NC1CCCCCC1)C1CCN(C(=O)c2ccc3oc(-c4ccccc4)nc3c2)CC1,-8.46307117554383
COc1ccc2cc(C(=O)N3CCC([C@H](C)C(=O)NCCC[N@H+]4CCC[C@@H](C)C4)CC3)[nH]c2c1,-9.78193229736264
CC(=O)Nc1ccc(Cc2nc3cc(C(=O)NCCC4=CCCCC4)ccc3[nH]2)cc1,-9.28417074207777
Cc1cccc(-c2ccc(N3CCC[C@@H](C(=O)NCC[NH+]4CCCCC4)C3)nn2)c1,-9.70703344768347
CC(C)CC(=O)Nc1ccc2c(c1)cc(C(=O)NCc1ccccc1)n2Cc1cccc(F)c1,-8.82736269415787
COc1ccc2cc(C(=O)N3CCC(CC(=O)NCCC[NH+]4CCCC4)CC3)[nH]c2c1,-7.79812394173613
Cc1cccc(-c2ccc(Nc3ccc(C(=O)NC4CCCC4)cc3)nn2)c1,-9.943430805248
CC(=O)Nc1nc2ccc(CC(=O)N[C@@H](C)CCc3ccccc3)cc2s1,-8.58181414391761
Cc1ccc(C)c(Cn2c(C(=O)NCc3ccccc3)cc3cc(NC(=O)CC(C)C)ccc32)c1,-8.05628999529704
O=C(NCCC[NH+]1CCCC1)c1cccc(Nc2cc(-c3ccc(F)cc3)ncn2)c1,-9.95724142098964
O=C(Nc1ccc2[nH]cc(CC[NH+]3CCN(c4cccc(C(F)(F)F)c4)CC3)c2c1)c1ccccc1F,-9.81702820883482
O=C(NCCC[NH+]1CCCC1)c1ccc(Nc2cc(-c3ccc(F)cc3)ncn2)cc1,-11.6135267785156
CSc1ccc(CNC(=O)c2cccc([C@@H]3CCCN(C(=O)Nc4ccc(Cl)cc4)C3)c2)cc1,-10.7904908743927
COc1ccc2cc(C(=O)N3CCC([C@@H](C)C(=O)NCCN4CC[NH+](C)CC4)CC3)[nH]c2c1,-7.6960034794953
O=C(CC1CCN(C(=O)c2ccc3oc(-c4ccccc4)nc3c2)CC1)NC1CC1,-7.46108857908994
O=C(CC1CCN(C(=O)c2cc3cc(Cl)ccc3[nH]2)CC1)NCCC[NH+]1CCCCCC1,-8.52612716878153
C[C@H]1CCCC[N@@H+]1CCNC(=O)c1ccc2nc(-c3ccccc3)c(-c3ccccc3)nc2c1,-9.36934787133418
COc1cccc(-c2cnc(-c3ccc(CNC(=O)c4cccnc4Sc4ccccc4)cc3)[nH]2)c1,-7.8284379061641
Cc1cccc(-c2noc(CNC(=O)c3ccc(C[NH+]4CCCCC4)cc3)n2)c1,-8.97037973566297
COc1ccc2cc(C(=O)N3CCC([C@@H](C)C(=O)NCC[C@H](C)[NH+]4CCCC4)CC3)[nH]c2c1,-9.10018554902296
O=C(NCCc1ccccc1)N1CCC[C@@H](CCc2noc(-c3cccnc3)n2)C1,-9.79241232895566
CCOc1ccc([C@H](C)NC(=O)c2cccc([C@H]3CCCN(C(=O)NC(C)C)C3)c2)cc1,-10.2166439115045
O=C(NCCC[NH+]1CCCCC1)[C@@H]1CCCN(c2ncc(-c3ccc(F)cc3)cn2)C1,-9.58263948413115
O=C(NCc1ccccc1)N1CCC[C@@H](CCc2noc(-c3cccnc3)n2)C1,-9.38007179638447
O=C(NCc1nc(-c2ccccc2)no1)c1ccc(C[NH+]2CCCC2)cc1,-11.1506507601434
O=C(NCCC1=CCCCC1)c1ccc2nc(CCc3ccccc3)oc2c1,-8.17338064074614
O=C(Nc1ccc(Oc2ccccc2)cc1)c1ccc(Nc2cc(-c3ccccc3)ncn2)cc1,-5.76348397683315
O=C(NCCC[NH+]1CCCC1)C1CCN(c2ccc(-c3ccc(F)cc3)nn2)CC1,-8.51188790944461
COc1cccc(-c2cc(C3CCN(C(=O)NCCc4ccccc4)CC3)[nH]n2)c1,-10.4008713097801
C[C@H](CCc1ccccc1)NC(=O)c1ccc2c(c1)N(Cc1cccc(Cl)c1)C(=O)c1ccccc1[S@]2=O,-9.14127708348175
O=C(Nc1cccc(Cl)c1)N1CCO[C@@H](C[N@H+]2CCCN(C(=O)c3ccc(C(F)(F)F)cc3)CC2)C1,-8.94976105088668
Cc1noc(C)c1CCNC(=O)c1ccc2nc(Cc3ccccc3)oc2c1,-8.04027033691837
O=C(NCCC[NH+]1CCCC1)[C@@H]1CCCN(c2ncc(-c3ccc(F)cc3)cn2)C1,-9.94226886865274
COc1ccc2cc(C(=O)N3CCC(CC(=O)NCC[NH+]4CCCC4)CC3)[nH]c2c1,-6.73343176241516
C[C@@H](C(=O)NCCCN1CC[NH+](C)CC1)C1CCN(C(=O)c2cc3cc(Cl)ccc3[nH]2)CC1,-11.5927526118894
C[C@@H](C(=O)NC1CCCC1)C1CCN(C(=O)c2ccc3oc(-c4ccccc4)nc3c2)CC1,-8.13583239594064
COc1cccc(-c2cc(C3CCN(C(=O)NCc4ccc(F)cc4)CC3)[nH]n2)c1,-9.02433848739089
O=C(NCCC1=CCCCC1)c1ccc2c(c1)NC(=O)[C@H](CS(=O)(=O)Cc1ccccc1Cl)N2,-9.30441610664369
CC[N@H+]1CCC[C@@H]1CNC(=O)c1ccc(-c2cc(-c3cccc(C(F)(F)F)c3)n[nH]2)cc1,-10.3572209990692
CCNC(=O)N1CCC[C@H](c2cccc(C(=O)N[C@@H](C)c3ccc(OCC)cc3)c2)C1,-9.56614691913727
O=C(Nc1ccc(Oc2ccccc2)cc1)C1CCN(c2ccc(-c3ccccc3)nn2)CC1,-9.86443202014785
COc1cccc(Cn2ncc3ccc(C(=O)NCCC[N@@H+]4CCCC[C@H]4C)cc32)c1,-9.91108048475971
CC(=O)c1ccc(-c2ccc3nc(-c4ccccc4)c(CCC(=O)N4CCC(C(N)=O)CC4)n3c2)cc1,-9.2841919744437
Cc1cccc(CN2[C@@H](C)C(=O)N(C)C[C@H]2CNC(=O)c2ccc3ncccc3c2)c1,-8.70289663737488
O=C(Nc1ccccc1C(F)(F)F)N1CC[C@H](CCc2noc(-c3cccnc3)n2)C1,-8.66420454469437
O=C(C[C@@H]1NC(=O)N(CCc2c[nH]c3ccccc23)C1=O)NCCC1=CCCCC1,-12.4431193956784
Cc1cc(F)ccc1NC(=O)Cn1cccc1-c1nc(-c2ccccc2)cs1,-8.55903039463582
CC[NH+]1CCN(c2ccc(-c3cccc(N)c3)nn2)CC1,-8.37295149256281
CC(C)(C)c1ccc(C(=O)Nc2cc(C(=O)NCCC3=CCCCC3)ccc2N2C[C@@H]3C[C@H](C2)c2cccc(=O)n2C3)cc1,-9.83522891505425
C[C@@H](CCc1ccccc1)NC(=O)c1cc2n(n1)CCN(Cc1c(F)cccc1Cl)C2=O,-7.83154322187824
Cc1cccc(NC(=O)N2CC(Oc3ccc(-c4noc(-c5ccccc5)n4)cc3)C2)c1,-8.57445954275897
Cc1ccc(C(=O)NCC2CCCCC2)c(C2CC[NH+](Cc3cccc(C(F)(F)F)c3)CC2)n1,-10.6495154259499
C[C@@H](C(=O)NCCN1CC[NH+](C)CC1)C1CCN(C(=O)c2cc3cc(Cl)ccc3[nH]2)CC1,-9.50201231986253
O=C(NCCCCc1ccccc1)c1ccc(-c2ccc(F)cc2)s1,-8.59379226268042
Cc1ccc2ccc3cc(C(=O)NCC4CC[NH+](CCc5ccc(F)cc5)CC4)[nH]c3c2n1,-9.01774411003634
O=C(NC1CCCCCC1)C1CCN(c2ccc(-c3cccc(F)c3)nn2)CC1,-9.25340022102747
CC(C)NC(=O)N1CCC[C@H](c2cccc(C(=O)N3CC[NH+](C)CC3)c2)C1,-8.84113062885478
Fc1ccccc1[C@H]([NH2+]Cc1ccccc1Cl)c1nnc(-c2ccccc2)o1,-8.53781021605639
O=C(NCCc1c[nH]c2ccccc12)c1cccc(NC(=O)c2nsc3ccccc23)c1,-8.22907776890419
O=C(CCc1ccc2[nH]ccc2c1)NCCC[NH+]1CCOCC1,-7.98641454625804
CC[C@@H](C)N1CC(=O)C(c2nc(-c3cccc(C(F)(F)F)c3)cs2)=C1N,-8.60563554476876
O=C(NC[C@H]1CCCO1)c1cccc(C[NH+]2CCN(c3ccc(Cl)cc3)CC2)c1,-8.96115283909436
C[C@@H]1CCC[N@H+](CCCNC(=O)c2ccc(-c3nc(-c4ccccc4)no3)cc2)C1,-11.6783685099571
COc1cccc(NC(=O)N2CCO[C@@H](C[N@H+]3CCCN(C(=O)c4ccc(C(F)(F)F)cc4)CC3)C2)c1,-9.8263866934673
Cc1ccc(CNC(=O)c2cccc([C@H]3CCCN(C(=O)Nc4ccc(Cl)cc4)C3)c2)o1,-9.80527443300594
Cc1cc(Cl)ccc1-c1ccc2nc(-c3ccccc3)c(CCC(=O)N3CCC(C(N)=O)CC3)n2c1,-10.2101111886369
C[C@@H](C(=O)NCCN1CC[NH+](C)CC1)C1CCN(C(=O)c2cc3ccccc3[nH]2)CC1,-9.16418626914882
c1cc2cc(C[NH+]3CCC(Cc4ccc(CN5CCOCC5)cc4)CC3)ccc2[nH]1,-9.19081481804417
CC(C)C[NH+]1CCN(C(=O)c2ccc(-c3cc(-c4cccc(C(F)(F)F)c4)n[nH]3)cc2)CC1,-9.70396925081257
COCCNC(=O)[C@@H](C)C1CCN(C(=O)c2sc(-c3ccc(F)cc3)nc2C)CC1,-8.1846776553941
Cc1cc(C)c2c(-n3cccc3)nn(Cc3ccc(C(=O)N[C@@H](C)CCc4ccccc4)cc3)c2n1,-10.0549154061295
O=C(NCCC1=CCCCC1)[C@H]1CCCN(c2ncc(-c3ccc(F)cc3)cn2)C1,-9.75163794050761
C[C@H](CCc1ccccc1)NC(=O)c1cccc(CN2C(=O)[C@@H]3CCCN3C(=O)c3ccccc32)c1,-9.48179474172134
O=C(Nc1ccc(N2CCN(Cc3ccc(F)cc3)C2=O)nc1)c1ccc2c(c1)OCO2,-7.9259286722737
CN(C)c1nc2c(c(=O)[nH]1)CC[N@@H+](Cc1cccc(C(F)(F)F)c1)CC2,-9.1716712614919
COc1ccc2cc(C(=O)N3CCC(CC(=O)NC[C@@H]4CCCO4)CC3)[nH]c2c1,-8.90984374364052
Cc1ccnc(N2CCC[C@@H](C(=O)NCC3CC[NH+](Cc4cccc(Cl)c4)CC3)C2)n1,-8.97819118384573
CCNC(=O)N1CC[C@@H](Oc2ccc(-c3noc(-c4ccccc4)n3)cc2)C1,-8.60899927161337
O=C(CCCn1nc(-c2ccccc2)c2cc(Cl)ccc21)NCCC1=CCCCC1,-9.61960013775238
CC(C)(C)c1ccc(C(=O)Nc2cc(C(=O)N3CC=C(c4ccccc4)CC3)ccc2N2C[C@@H]3C[C@H](C2)c2cccc(=O)n2C3)cc1,-9.82222520215341
O=C(Nc1ccccc1F)N1CC(Oc2ccc(-c3nc(-c4ccccc4)no3)cc2)C1,-7.27169691562596
O=C(Cc1ccc(NCc2cccc(C(F)(F)F)c2)cc1)NCC[NH+]1CCCCC1,-9.2750134922553
O=C(NCC[NH+]1CCCCCC1)[C@H]1CCCN(c2ncc(-c3cccc(F)c3)cn2)C1,-8.70738586097272
O=C(NCC[NH+]1CCCCC1)[C@@H]1CCCN(c2ncc(-c3cccc(F)c3)cn2)C1,-9.42833443219715
C[C@H]1CCCC[N@H+]1CCCNC(=O)c1ccc(-c2cc(-c3ccccc3)n[nH]2)cc1,-8.80025597105496
O=C(NCCC1=CCCCC1)C1CCN(c2ccc(-c3ccc(F)cc3)nn2)CC1,-8.08698889406841
COc1ccccc1CNC(=O)[C@H](C)C1CCN(C(=O)c2sc(-c3ccc(F)cc3)nc2C)CC1,-9.41055141623871
O=C(CSc1ncc(-c2cccc(Br)c2)o1)NCCC1=CCCCC1,-7.85579327589213
Cc1ccc2cc(CCC(=O)NCCC[N@H+]3CCCC[C@@H]3C)c(=O)[nH]c2c1,-9.37136878792703
Cc1nc(-c2ccc(F)cc2)sc1C(=O)N1CCC([C@H](C)C(=O)NCc2ccccc2F)CC1,-10.050592562194
C[C@@H](C(=O)NCCc1ccccc1)n1nc(-c2ccccc2)c2cc(Cl)ccc21,-9.10184525501146
O=C(CSc1c2c(nc3ccc(Cl)cc13)CCCC2)NCCC[NH+]1CCOCC1,-8.97212465307124
N#CCCCN1CCN(C(=O)c2ccc(-c3cc(-c4cccc(C(F)(F)F)c4)n[nH]3)cc2)CC1,-9.56817577849014
C[NH+]1CCN(C(=O)c2oc3ccccc3c2NC(=O)Cc2ccc(F)cc2)CC1,-9.81517560558378
NC(=O)C1CCN(C(=O)c2ccc3nc(-c4ccccc4)c(-c4ccccc4)nc3c2)CC1,-8.04479643556856
C[C@H](CCc1ccccc1)NC(=O)c1ccc(CN2C(=O)[C@@H]3CCCN3C(=O)c3ccccc32)cc1,-9.72182999193315
COc1ccc(Cc2nc3ccc(C(=O)NCc4ccc(OC(C)C)cc4)cc3o2)cc1,-10.2053631437902
Cc1[nH]c[nH+]c1CSCCNC(=O)c1ccc2nc(Cc3ccccc3)oc2c1,-10.4976877654156
O=C(NCc1ccccc1)c1ccc(-c2cc(-c3ccc(Cl)cc3Cl)n[nH]2)cc1,-8.36479057732159
Cc1ccc(-c2cc(Nc3ccc(C(=O)NCCC4=CCCCC4)cc3)ncn2)cc1,-9.47922320036514
O=C(CCCN1C(=O)c2cccnc2Sc2ccccc21)NCC1CC[NH+](Cc2ccccc2F)CC1,-8.77872591340032
Cc1ccc2c(c1)NC(=O)[C@@H](CC(=O)NCCC[NH+]1CCC([NH+]3CCCCC3)CC1)O2,-11.0955182138258
O=C(C[C@@H]1NC(=O)N(CCc2c[nH]c3ccccc23)C1=O)NCc1ccncc1,-11.4734915255026
O=C(CCCN1C(=O)c2cccnc2Sc2ccccc21)NCC1CC[NH+](Cc2ccc(Cl)cc2)CC1,-9.68834019034161
Cc1ccc(C)c(CN2C(=O)CSc3ccc(C(=O)NC[C@@H](C)C[NH+]4CCC(C)CC4)cc32)c1,-9.40854581725339
O=C(NCc1cccnc1)c1cccc([C@@H]2CCCN(C(=O)Nc3ccc(Cl)cc3)C2)c1,-12.1303803483992
C[N@H+](CCNC(=O)c1ccc(-n2c(-c3ccccc3)cc3c2CCCCC3)cc1)C1CCCCC1,-7.39855608123647
C[N@@H+](CCNC(=O)c1ccc(-n2c(-c3ccccc3)cc3c2CCCC3)cc1)C1CCCCC1,-6.29770606735158
CCCc1nc2cc(CCC(=O)NCc3ccc(C(F)(F)F)cc3)ccc2[nH]1,-8.29331031681803
Cc1ccc(CNC(=O)NCC2CC[NH+](Cc3ccccc3C)CC2)cc1,-7.97551523963954
O=C(NCCc1ccccc1)c1ccc(CSc2nc3cnccc3[nH]2)cc1,-8.67709820155419
CC1CC[NH+](CCCNC(=O)c2ccc(Cn3c([S-])nc4ccc(Br)cc4c3=O)cc2)CC1,-8.1437399852473
C[C@@H](C(=O)NCCC1=CCCCC1)[C@@H]1Sc2ccccc2N(Cc2ccc(F)cc2)C1=O,-8.43134332046864
Cc1ccc2[nH]cc(CCN3C[C@H](C(=O)Nc4nnc(C5CCCCC5)s4)CC3=O)c2c1,-9.30817343156874
O=C(CCc1c[nH]c2ccccc12)N1CCC2(CC1)CN(c1ccccc1)C2=O,-4.14461271759535
CC[C@H]1CCCC[N@H+]1CCCNC(=O)c1cc2c(-c3ccccc3F)nn(C)c2s1,-8.67708976567408
CCC(CC)C(=O)Nc1ccc2[nH]cc(CC[NH+]3CCN(c4cccc(C(F)(F)F)c4)CC3)c2c1,-9.4127579908722
Cc1ccccc1S(=O)(=O)Cc1ccc(C(=O)NCCC[NH+]2CCC(C)CC2)o1,-10.2115424575737
Cc1ccc(-c2cn3c(n2)sc2cc(C(=O)NCCC[N@@H+]4[C@@H](C)CCC[C@H]4C)ccc23)cc1,-7.1519743406003
CSc1ccc(CNC(=O)C2=CC[N@@H+](Cc3ccccc3)CC2)cc1,-8.35723564386217
C[NH+]1CCC(Cc2ccc(C(=O)NCC[N@H+](C)C3CCCCC3)cc2)CC1,-8.43608244914162
C[C@@H](C(=O)NCCC1=CCCCC1)[C@@H]1Sc2ccccc2N(Cc2ccc(F)cc2Cl)C1=O,-8.37214554124234
Cc1ccnc(N2CCC[C@H](C(=O)NCC3CC[NH+](Cc4ccccc4F)CC3)C2)n1,-9.25445614309592
O=C(CCC[C@@H]1[C@H]2CCC[N@H+]3CCC[C@@H](CN1C(=O)c1cccnc1)[C@@H]23)NCCc1nc2ccccc2[nH]1,-9.97534418195956
CCN1CC[NH+](CCCNC(=O)[C@@H](C)C2CCN(C(=O)c3cc4cc(Cl)ccc4[nH]3)CC2)CC1,-9.68005582638685
CCNC(=O)N1CCC[C@@H](c2cccc(C(=O)N3CCC(C(=O)OCC)CC3)c2)C1,-9.13775761325979
Cc1ccc(C)c(N2CCN(C(=O)c3ccc4c(c3)NC(=O)[C@H](CSCc3c(F)cccc3Cl)N4)CC2)c1,-9.23690881054403
CC(C)c1nc2ccc(C(=O)NCCC[N@@H+](C)C3CCCCC3)cc2o1,-9.04305787547581
C[N@H+](Cc1ccccc1)[C@H]1COC2(C1)CN(C(=O)CCCc1c[nH]c3ccccc13)C2,-10.3737015756174
CCc1ccc(C(=O)N2CCC[C@H](c3cccc(C(=O)NC4CCCCCC4)c3)C2)cc1,-10.260860535432
Fc1ccc([C@@H](c2ccccc2)[NH+]2CCN(CCCc3c[nH]c4ccccc34)CC2)cc1,-9.42478196128975
Cc1ccc(CN2C(=O)[C@@H]([C@H](C)C(=O)NCCC3=CCCCC3)Sc3ccccc32)cc1,-8.74614257801754
C[N@@H+](Cc1ccccc1)[C@H]1COC2(C1)CN(C(=O)CCc1c[nH]c3ccccc13)C2,-9.07533440293662
O=C(CCc1c[nH]c2ccccc12)N1CC[C@H](CCOc2ccccc2)C1,-9.48175824305148
Cc1cccc(NC(=O)Cc2ccc(N(Cc3ccccc3C)C(=O)C3CCCC3)cc2)c1,-5.59059891565791
CC[C@@H]1CCCC[N@H+]1CCCNC(=O)c1ccc2c(c1)N(Cc1c(F)cccc1Cl)C(=O)CS2,-10.3446804327576
O=C(CCc1c[nH]c2ccccc12)N1CC[C@H](CCOc2ccc(F)cc2)C1,-9.43388688253294
O=C(Cc1c(Sc2ccccc2F)[nH]c2ccccc12)NCCC1=CCCCC1,-8.44841727461998
CSc1cccc(NC(=O)N2CCC(OC3CC[NH+](Cc4ccccc4)CC3)CC2)c1,-6.43789503334974
O=C(NCCc1ccco1)c1cccc([C@H]2CCCN(C(=O)Nc3ccc(Cl)cc3)C2)c1,-10.2438709859571
Cc1ccc(CN2C(=O)CSc3ccc(NC(=O)N[C@@H](C)CCc4ccccc4)cc32)cc1,-9.23077296239289
COc1ccc(Nc2cc(C(=O)NCCC[N@H+]3CCC[C@@H](C)C3)c3ccccc3n2)cc1,-10.276530019966
O=C([O-])c1cccc(-c2ccc(C[NH2+]Cc3ccc(F)cc3)o2)c1,-9.26761746098063
CC[C@@H]1CCCC[N@@H+]1CCNC(=O)CCc1cc2cc(OC)ccc2[nH]c1=O,-9.48205510921426
O=C(CCc1c[nH]c2ccccc12)Nc1cccc(-c2nnc3n2CCCC3)c1,-8.48583560737588
c1ccc(-c2ccc(C[NH2+]CCc3c[nH]c4ccccc34)o2)cc1,-11.9798398204137
CC(=O)N1CCc2[nH]c3ccc(C(=O)NCC[N@@H+](C)C4CCCCC4)cc3c2C1,-8.24894375611956
O=C(NCC1CC[NH+](Cc2ccccc2F)CC1)C1CCN(c2nc3ccccc3[nH]2)CC1,-8.4622742063817
Cc1noc([C@@H]2CN(C(=O)CCc3c[nH]c4ccccc34)CCC[N@H+]2CC(C)C)n1,-7.55066935878186
O=C(CC[C@@H]1NC(=O)N(Cc2ccccc2)C1=O)N1CC[NH+](C/C=C/c2ccccc2)CC1,-10.3237507801167
O=C([O-])c1ccc(C[NH2+]Cc2ccc(-c3cccc(Cl)c3)o2)cc1,-9.31584505375132
Cc1noc([C@H]2CN(C(=O)CCCc3c[nH]c4ccccc34)CCC[N@H+]2CC(C)C)n1,-10.4470240471029
CCOC(=O)c1cc(-c2ccc(CC)cc2)n(-c2ccc(C(=O)N[C@H]3CCCc4ccccc43)cc2)n1,-9.69153538904513
O=C(NCCC[NH+]1CCCCCC1)c1ccc(-c2nc(-c3ccc(F)cc3)no2)cc1,-9.19419531010728
Cc1ccccc1CN(C(=O)C1CCCC1)c1ccc(CC(=O)NC[C@@H]2CCCO2)cc1,-8.26848334940024
O=C(CSCc1nc(-c2ccccc2)no1)NCCC1=CCCCC1,-7.3284354941514
Cc1cccc(C(=O)N2CCC[C@H](C(=O)NCC3CC[NH+](Cc4ccccc4Cl)CC3)C2)c1,-9.79683885356848
CCOc1ccc(NC(=O)N2CCC[C@H](c3cccc(C(=O)NCCc4ccco4)c3)C2)cc1,-10.4531014625219
O=C(NCCC1=CCCCC1)c1ccc(CSCc2ccccc2Cl)o1,-8.68785215131977
CC(C)CNC(=O)c1ccc(Nc2cc(-c3ccc(F)cc3)ncn2)cc1,-10.055028944387
O=C(NCCc1ccco1)c1cccc([C@H]2CCCN(C(=O)Nc3ccccc3)C2)c1,-9.00236039582817
C[C@@H](Oc1ccc(-c2cnc3ccccc3n2)cc1)C(=O)NCCC1=CCCCC1,-8.62006291412156
CCc1cccc(NC(=O)N[C@H]2CCN(c3ccccc3)C2=O)c1,-8.84309818307264
CC[C@@H]1CCCC[N@@H+]1CCCNC(=O)Nc1ccc2c(c1)N(Cc1ccc(C)cc1)C(=O)CS2,-9.82941600950975
Cc1nc2cc(CCC(=O)NCc3ccc(F)cc3)ccc2[nH]1,-7.54578844625642
O=C(C[C@H]1C(=O)NCCN1C(=O)C[NH+]1CCN(c2cccc(C(F)(F)F)c2)CC1)Nc1ccccc1,-11.1145505554747
c1cc(C[NH+]2CCC(Cc3ccc(CN4CCOCC4)cc3)CC2)c2cc[nH]c2c1,-7.42692042805728
CNC(=O)N1CCC[C@H](c2cccc(C(=O)N3CCN(c4ccccc4OC)CC3)c2)C1,-9.02630473877234
O=C(CC[C@@H]1NC(=O)N(Cc2cccc(F)c2)C1=O)NCCc1ccncc1,-8.28646753014301
Cc1ncc(C(=O)NCCc2cccc(C(=O)[O-])c2)c(C2CC[NH+](Cc3ccccc3)CC2)n1,-9.27608062260096
CCOc1ccc(NC(=O)c2cccc([C@H]3CCCN(C(=O)Nc4ccc(Cl)cc4)C3)c2)cc1,-9.88599393538935
COc1ccc(C[N@@H+]2CCc3oc(C)c(C(=O)NCC[N@@H+]4CCC[C@H](C)C4)c3C2)cc1,-8.6238744726976
Cc1nnc2n1C[C@@H]1CC[C@H](C2)N1C(=O)CCCc1c[nH]c2ccccc12,-8.38393391463905
CC1CCN(C(=O)c2cccc([C@@H]3CCCN(C(=O)NC(C)C)C3)c2)CC1,-8.89563940224178
CCOc1ccc([C@@H](C)NC(=O)c2cccc([C@H]3CCCN(C(=O)NC)C3)c2)cc1,-9.61671785422423
O=C1COc2ccc(C(=O)NC[C@H]3CCC[N@@H+]4CCCC[C@H]34)cc2N1,-8.68320544740225
CC(=O)N1CCc2cc(-c3ccc(C(=O)NCCC[N@H+]4CCCC[C@H]4C)cc3)ccc21,-10.9155090619171
O=C(NCCC[NH+]1CCCCCC1)c1ccc(-c2nc(-c3ccccc3)no2)cc1,-9.29676986599264
CC(=O)N1CCC(Cc2ccc(CN(C(=O)Cc3c[nH]c4ccccc34)C3CC3)cc2)CC1,-9.19446026178337
O=C(NCCC1=CCCCC1)c1ccc2c(=O)n(-c3cccc(C(F)(F)F)c3)c(=S)[nH]c2c1,-8.0847959491171
C[C@H](CCc1ccccc1)NC(=O)c1ccc(Cn2c(=O)c(=O)[nH]c3cccnc32)cc1,-10.6986722228402
O=C(NCc1ccccc1)N1CCO[C@@H](C[N@@H+]2CCCN(C(=O)c3ccc(C(F)(F)F)cc3)CC2)C1,-11.3488380066002
COc1ccc2[nH]c(=O)c(CCC(=O)NCCC[N@@H+]3CCCC[C@@H]3C)cc2c1,-8.78652435362656
O=C(NCCCN1CCOCC1)c1cccc(CN2C(=O)C[C@@H](c3ccccc3)NC2=O)c1,-11.5057015770021
Cc1ccc(CN(C(=O)c2ccccc2)c2ccc(CC(=O)NC[C@@H]3CCCO3)cc2)cc1,-8.68651863936526
CCOc1ccc(NC(=O)N2CCC[C@H](c3cccc(C(=O)NCc4ccco4)c3)C2)cc1,-9.90374255457778
CC(=O)N1CCC(C[NH+]2CCC(c3nc(C)ncc3C(=O)NCCc3ccccc3)CC2)CC1,-9.43202910338185
O=C(NC[C@@H]1CCC[N@@H+]2CCCC[C@H]12)c1ccc2[nH]c3c(c2c1)CCCC3,-8.58242516687299
O=C(NCCC[NH+]1CCCC1)c1cc(Sc2ccc(Cl)cc2)nc2ccccc12,-9.52178907204536
CCC(=O)Nc1cccc(-c2noc(C3CCN(C(=O)c4ccc5cc[nH]c5c4)CC3)n2)c1,-9.36168317782061
CC(C)[NH+]1CCC(Cc2ccc(CCNC(=O)Nc3ccccc3F)cc2)CC1,-9.23218316453704
CC(=O)Nc1nc2ccc(C(=O)N[C@@H](C)Cc3c[nH]c4ccccc34)cc2s1,-8.53940072846144
CC(=O)N1CCC(C[NH+]2CCC(c3nc(C)ncc3C(=O)NCc3ccccc3)CC2)CC1,-9.22286252580708
O=C(NC1CC1)[C@H]1CC(=O)N(C2CN(C(=O)CCCc3c[nH]c4ccccc34)C2)C1,-7.9416714797744
C[N@H+](CCNC(=O)c1ccc2c(c1)NC(=O)c1ccccc1S2)C1CCCCC1,-8.00266492016541
Cn1cc(C[NH+]2CCC(C(=O)NCC3CC[NH+](Cc4cccc(F)c4)CC3)CC2)c2ccccc21,-9.87802837620025
Cc1ccc2[nH]c(=O)c(CCC(=O)NCCC[NH+]3CCCC3)cc2c1,-5.3804823117492
CSc1ccc(CCNC(=O)[C@H]2CCN(c3ccccc3)C2=O)cc1,-8.33353572996968
CC(C)[NH+]1CCC(Cc2ccc(CCNC(=O)c3cn4ccccc4n3)cc2)CC1,-8.56767650071231
O=C(CCCc1cn(Cc2ccc(F)cc2)c2ccccc12)NC[C@H]1CCCO1,-9.04511882491574
O=C(c1ccc2[nH]ccc2c1)N1CCC[C@H](CCc2noc(C3CCOCC3)n2)C1,-9.49442594956422
O=C(Cc1c[nH]c2ccccc12)NCCC[NH+]1CCOCC1,-8.65059170190367
COc1ccccc1CNC(=O)c1ccc(CN2C(=O)CCn3nc(-c4ccccc4)cc32)cc1,-9.76383867280382
CC(C)CN1C[C@@H](CNC(=O)CCCc2c[nH]c3ccccc23)OCC1=O,-9.25652138188064
COc1ccc(NC(=O)Cc2ccc(F)cc2)cc1N1CCCN(Cc2cccc(C)c2)C1=O,-8.22857434842815
CN1C(=O)CC[C@]2(CNC(=O)CCc3c[nH]c4ccccc34)CCCC=C12,-8.78671716312938
O=C(Nc1cc(F)ccc1F)c1cccc([C@@H]2CCCN(C(=O)Nc3ccc(Cl)cc3)C2)c1,-10.2466934035475
O=C(NCCC1=CCCCC1)c1cc(N2CCN(c3cccc(C(F)(F)F)c3)CC2)nc2ccccc12,-9.26068937432348
O=C(CCc1c[nH]c2ccccc12)N1CCC[C@@H](CCc2noc(C3CCOCC3)n2)C1,-10.0117654914499
CCc1nc2ccc(C(=O)N[C@H](C)CCc3ccccc3)cc2nc1CC,-8.78230508579539
O=C(NCCCc1ccccc1)[C@H]1CCCN(c2ccnc(-c3ccc(F)cc3)n2)C1,-9.01090836019996
CCC1=Nc2cc(C(=O)N[C@H](C)CCc3ccccc3)ccc2Sc2ccc(C)cc21,-7.59487592524435
C[NH+](C)CCNC(=O)c1ccc(CN2C(=O)CCn3nc(-c4ccccc4)cc32)cc1,-8.88456394975086
CC(C)NC(=O)N1CCC[C@@H](c2cccc(C(=O)NCCCN3CCCC3=O)c2)C1,-10.8870648001553
O=C(NCCC1=CCCCC1)c1ccc(C[S@](=O)c2cccc(Cl)c2)o1,-9.62780957720322
O=C(NCCCN1CCN(c2ccccc2)CC1)[C@H]1CCCN(c2nc3ccc(Cl)cc3[nH]2)C1,-11.6908875234192
Cc1cccc(CN(C(=O)C2CCCC2)c2ccc(CC(=O)NC[C@H]3CCCO3)cc2)c1,-7.1053245266865
Cc1ccc(C(=O)N2CCC(CC(=O)NCCC[N@@H+]3CCC[C@H](C)C3)CC2)cc1,-8.77761080231859
O=C(NCCCN1CCN(c2ccc(F)cc2)CC1)[C@H]1CCCN(c2nc3ccc(Cl)cc3[nH]2)C1,-11.3412320632176
O=C(NCC1CC1)c1cccc(OC2C[NH+](Cc3ccc(F)cc3F)C2)c1,-8.70609611326847
O=C(CCc1cn(-c2ccccc2)nc1-c1ccccc1)NC[C@H]1CCCO1,-9.85331704483121
O=C(Cc1ccc(N(Cc2ccccc2)C(=O)C2CCCC2)cc1)NC[C@H]1CCCO1,-7.88201839790098
O=C(NCCC[NH+]1CCN(c2ccc(F)cc2)CC1)C1CCN(c2nc3ccccc3[nH]2)CC1,-8.23929506825785
CC1CC[NH+](CCCNC(=O)[C@@H]2CC(=O)N(c3ccc(F)c(Cl)c3)C2)CC1,-10.0982953034438
O=C(Cc1ccc(N(Cc2ccccc2)C(=O)c2cccc(F)c2)cc1)NCC1CC1,-6.0862233871409
O=C(Nc1ccccc1)c1ccc(N2CC[C@@H]([NH2+]Cc3ccc(F)cc3)C2)nc1,-9.59831852271839
CCOc1ccc(NC(=O)N2CCC[C@H](c3cccc(C(=O)N4CCC(C)CC4)c3)C2)cc1,-8.45918257197322
O=C(NCCCN1CC[NH+](C2CCCCC2)CC1)c1ccc2nc(Cc3ccccc3)oc2c1,-9.69697054245384
CN1C(=O)CC[C@@]2(CNC(=O)Cc3c[nH]c4ccccc34)CCCC=C12,-8.66860763327198
O=C(NCCC1=CCCCC1)c1ccc(-c2noc(C3CCN(C(=O)c4ccccc4)CC3)n2)cc1,-9.34953526437614
Cc1ccc(C[NH+]2CCC(CNC(=O)c3cc4ccc5cccnc5c4[nH]3)CC2)cc1,-8.87162981334717
Cc1ccc(Cn2nnc3cc(C(=O)NCCC4=CCCCC4)ccc32)cc1,-8.92878018303865
C[C@@H](CCc1ccccc1)NC(=O)c1ccc2c(c1)N(Cc1ccccc1F)C(=O)CS2,-9.94207519127667
CC[NH+]1CCN(CCCNC(=O)CCc2cc3cc(C)ccc3[nH]c2=O)CC1,-8.61740976953757
O=C(CCc1nc2ccccc2[nH]1)N1CCC(Cc2ccc(C(=O)N3CCCC3)cc2)CC1,-9.43449220271942
C[N@@H+](Cc1cccnc1)C1CN(C(=O)CCCc2c[nH]c3ccccc23)C1,-8.3168420705657
Cc1ccc2[nH]cc(CCNC(=O)[C@H]3CCCN(c4nccc(C)n4)C3)c2c1,-8.44229835034649
O=C(NCCC1=CCCCC1)c1ccc2c(c1)nnn2Cc1ccccc1,-8.50606171836549
Cc1ccc(CC(=O)N[C@@H](C)CCc2ccccc2)cc1,-7.01168675602361
Cc1cc(C(=O)NCCC[N@@H+]2CCCC[C@H]2C)c2cccc(-c3ccc(F)cc3)c2n1,-7.94107541759202
CC1CCN(C(=O)[C@H]2CC(=O)N(CCc3c[nH]c4ccc(Cl)cc34)C2)CC1,-8.73221674776111
O=C(NCCc1ccc(Cl)cc1)[C@@H]1CCCN(c2nc3ccccc3[nH]2)C1,-7.72080129876258
O=C(Cc1ccc(Cl)cc1)N[C@H]1CCN(c2ccc(F)cc2)C1=O,-8.52246069590905
O=C(NC1CCCC1)c1ccc(Nc2cc(-c3ccc(F)cc3)ncn2)cc1,-9.93099820443631
CC(C)NC(=O)N1CCC[C@@H](c2cccc(C(=O)N3CCN(c4ccccn4)CC3)c2)C1,-9.34248887695576
Cn1nc(C(=O)N2CCCC2)c2c1CCN(C(=O)CCC(=O)NCCc1c[nH]c3ccccc13)C2,-9.23101088121164
CCOc1ccc(NC(=O)N2CCC[C@H](c3cccc(C(=O)Nc4cccc(OC)c4)c3)C2)cc1,-10.3243431802855
O=C(COc1ccccc1)Nc1cccc(-c2noc(C3CCCC3)n2)c1,-8.452412794548
COc1ccc(CCNC(=O)[C@@H]2CCCN(c3nc4ccc(Cl)cc4[nH]3)C2)cc1OC,-8.21515697603334
O=C1C[C@H](C(=O)N2CCN(c3ccccc3)CC2)CN1CCc1c[nH]c2ccc(F)cc12,-7.77821037739304
O=C(CCCc1c[nH]c2ccccc12)NCCc1noc(-c2ccncc2)n1,-10.2859659908927
O=C(CC1=C2CCCC[C@H]2NC1=O)NCCc1c[nH]c2ccccc12,-8.50111362382244
O=C(CCC(=O)N1CC=C(c2c[nH]c3ccccc23)CC1)NCCC1=CCCCC1,-8.33548004059406
Cc1ccc2cc(CCC(=O)NCCC[NH+]3CCN(C)CC3)c(=O)[nH]c2c1,-8.64775014695974
O=C(Nc1ccccc1)N1CCO[C@@H](C[NH+]2CCN(c3cccc(C(F)(F)F)c3)CC2)C1,-8.9193515054388
COc1ccc(CCC(=O)Nc2cccc(-c3noc(C4CCCC4)n3)c2)cc1,-8.40475138065442
O=C(Cc1ccc(N(Cc2ccccc2)C(=O)c2cccc(F)c2)cc1)NCc1ccncc1,-7.62552219396918
CC(C)NC(=O)N1CCC[C@@H](c2cccc(C(=O)N3CC[NH+](C4CCCCC4)CC3)c2)C1,-8.76087147401067
CC[N@H+]1CCC[C@@H]1CNC(=O)c1ccc2c(c1)N(Cc1cccc(F)c1)C(=O)c1ccccc1S2,-7.79023902891643
O=C(NCCCn1ccnc1)[C@H]1CC(=O)N(CCc2c[nH]c3ccc(F)cc23)C1,-10.6485103452322
O=C(NCCC[NH+]1CCOCC1)[C@H]1Cc2cc(C(F)(F)F)ccc2N2CCN(c3ccc(F)cc3)C[C@H]12,-7.25016261709162
O=C(NCCC[NH+]1CCCC1)c1ccc(-n2c(-c3ccccc3)cc3c2CCCC3)cc1,-5.82691002907188
Cc1cccc(Nc2nccc([C@H]3CCCN(C(=O)CC(C)C)C3)n2)c1,-9.27931369398044
O=C(CCc1c[nH]c2ccccc12)N1CC([N@H+](CC2CC2)C2CCOCC2)C1,-7.84686670728486
Cc1cccc(Cn2c(C[NH+]3CCC(C(=O)NCC[NH+]4CCCCCC4)CC3)cc3ccccc32)c1,-8.5205886228087
CC(C)c1ccc(CNc2ccc(CC(=O)NCc3cccc(C(F)(F)F)c3)cc2)cc1,-9.6497514231021
CN(CCCNC(=O)C1CCN(c2ccc(-c3cccc(F)c3)nn2)CC1)c1ccccc1,-8.71029773006385
CC(C)[NH+]1CCC(Cc2ccc(CCNC(=O)c3cc(C4CC4)[nH]n3)cc2)CC1,-9.47581365294136
O=C1C[C@H](C(=O)N2CCN(c3ccccc3)CC2)CN1CCc1c[nH]c2ccc(Cl)cc12,-10.5602417556596
O=C(NCCC[NH+]1CCCC1)c1ccc(-c2ccc(N3CCSCC3)nc2)cc1,-9.41541870287853
C[C@H](CCc1ccccc1)NC(=O)c1ccc2c(c1)N(Cc1ccccc1F)C(=O)c1ccccc1S2,-8.21436203233409
Cc1nc2ccccc2n(Cc2ccc(C(=O)NCCC[N@H+]3CCC[C@H](C)C3)cc2)c1=O,-9.033352723655
O=C(CCc1c[nH]c2ccccc12)N(CC[NH+]1CCOCC1)C1CCOCC1,-7.66184877796716
O=C(NCCCc1ccc(F)cc1)c1ccc(C[NH+]2CCCC2)cc1,-7.62434059876927
Cc1cccc(C[N@@H+]2CC=C(C(=O)N[C@H](C)c3ccccc3)CC2)c1,-8.59918813911052
